Name,ProductKey,Description,Picture,Product sections,Type,SubType,hatchingPattern,vyzn.catalogue.Density,vyzn.catalogue.ch.KBOB2022.UBPTotal,vyzn.catalogue.ch.KBOB2022.UBPProduction,vyzn.catalogue.ch.KBOB2022.UBPDisposal,vyzn.catalogue.ch.KBOB2022.RenewableEnergyTotal,vyzn.catalogue.ch.KBOB2022.RenewableEnergyProduction,vyzn.catalogue.ch.KBOB2022.RenewableEnergyDisposal,vyzn.catalogue.ch.KBOB2022.GreyEnergyTotal,vyzn.catalogue.ch.KBOB2022.GreyEnergyProduction,vyzn.catalogue.ch.KBOB2022.GreyEnergyDisposal,vyzn.catalogue.ch.KBOB2022.GHGEmissionsTotal,vyzn.catalogue.ch.KBOB2022.GHGEmissionsProduction,vyzn.catalogue.ch.KBOB2022.GHGEmissionsDisposal,vyzn.catalogue.ch.KBOB2022.LCARefUnit,vyzn.catalogue.ch.KBOB2022.LCARefDimension,vyzn.catalogue.ch.KBOB2022.BiogenicCarbon,KBOB REF,vyzn.catalogue.SourceENV,categoryPath,vyzn.catalogue.lifeCycle
"00.001 Baugrubensicherung, Bohrpfahlwand, gespriesst (KBOB.2016)","00.001 Baugrubensicherung, Bohrpfahlwand, gespriesst (KBOB.2016)",,,,OTHER_RESOURCE,OTHER_RESOURCE_CONSTRUCTION_MATERIAL_PREPARATION_WORK,,,1010000.000000,877000.000000,130000.000000,110.000000,101.000000,9.570000,2280.000000,2020.000000,258.000000,828.000000,778.000000,50.200000,m2,area,,00.001,KBOB 2016,Alle > RESSOURCEN > kbob.admin.ch > KBOB / ecobau / IPB 2009/1:2016,60
"00.002 Baugrubensicherung, Bohrpfahlwand, unverankert (KBOB.2016)","00.002 Baugrubensicherung, Bohrpfahlwand, unverankert (KBOB.2016)",,,,OTHER_RESOURCE,OTHER_RESOURCE_CONSTRUCTION_MATERIAL_PREPARATION_WORK,,,952000.000000,822000.000000,130000.000000,94.300000,84.800000,9.570000,2090.000000,1830.000000,258.000000,788.000000,738.000000,50.200000,m2,area,,00.002,KBOB 2016,Alle > RESSOURCEN > kbob.admin.ch > KBOB / ecobau / IPB 2009/1:2016,60
"00.003 Baugrubensicherung, Bohrpfahlwand, verankert (KBOB.2016)","00.003 Baugrubensicherung, Bohrpfahlwand, verankert (KBOB.2016)",,,,OTHER_RESOURCE,OTHER_RESOURCE_CONSTRUCTION_MATERIAL_PREPARATION_WORK,,,778000.000000,692000.000000,86200.000000,82.800000,76.400000,6.320000,1510.000000,1340.000000,170.000000,512.000000,478.000000,33.100000,m2,area,,00.003,KBOB 2016,Alle > RESSOURCEN > kbob.admin.ch > KBOB / ecobau / IPB 2009/1:2016,60
"00.004 Baugrubensicherung, Nagelwand (KBOB.2016)","00.004 Baugrubensicherung, Nagelwand (KBOB.2016)",,,,OTHER_RESOURCE,OTHER_RESOURCE_CONSTRUCTION_MATERIAL_PREPARATION_WORK,,,171000.000000,152000.000000,18900.000000,17.900000,16.600000,1.390000,324.000000,286.000000,37.500000,116.000000,109.000000,7.280000,m2,area,,00.004,KBOB 2016,Alle > RESSOURCEN > kbob.admin.ch > KBOB / ecobau / IPB 2009/1:2016,60
"00.005 Baugrubensicherung, Rühlwand, auskragend (KBOB.2016)","00.005 Baugrubensicherung, Rühlwand, auskragend (KBOB.2016)",,,,OTHER_RESOURCE,OTHER_RESOURCE_CONSTRUCTION_MATERIAL_PREPARATION_WORK,,,332000.000000,302000.000000,30100.000000,108.000000,106.000000,2.200000,934.000000,874.000000,59.500000,266.000000,254.000000,11.600000,m2,area,,00.005,KBOB 2016,Alle > RESSOURCEN > kbob.admin.ch > KBOB / ecobau / IPB 2009/1:2016,60
"00.006 Baugrubensicherung, Rühlwand, gespriesst (KBOB.2016)","00.006 Baugrubensicherung, Rühlwand, gespriesst (KBOB.2016)",,,,OTHER_RESOURCE,OTHER_RESOURCE_CONSTRUCTION_MATERIAL_PREPARATION_WORK,,,240000.000000,222000.000000,17800.000000,46.700000,45.400000,1.310000,677.000000,642.000000,35.200000,184.000000,177.000000,6.840000,m2,area,,00.006,KBOB 2016,Alle > RESSOURCEN > kbob.admin.ch > KBOB / ecobau / IPB 2009/1:2016,60
"00.007 Baugrubensicherung, Rühlwand, verankert (KBOB.2016)","00.007 Baugrubensicherung, Rühlwand, verankert (KBOB.2016)",,,,OTHER_RESOURCE,OTHER_RESOURCE_CONSTRUCTION_MATERIAL_PREPARATION_WORK,,,259000.000000,238000.000000,20600.000000,43.900000,42.400000,1.510000,681.000000,640.000000,40.700000,192.000000,184.000000,7.900000,m2,area,,00.007,KBOB 2016,Alle > RESSOURCEN > kbob.admin.ch > KBOB / ecobau / IPB 2009/1:2016,60
"00.008 Baugrubensicherung, Schlitzwand, 400 mm (KBOB.2016)","00.008 Baugrubensicherung, Schlitzwand, 400 mm (KBOB.2016)",,,,OTHER_RESOURCE,OTHER_RESOURCE_CONSTRUCTION_MATERIAL_PREPARATION_WORK,,,648000.000000,583000.000000,65500.000000,73.300000,68.600000,4.760000,1250.000000,1120.000000,130.000000,407.000000,382.000000,25.200000,m2,area,,00.008,KBOB 2016,Alle > RESSOURCEN > kbob.admin.ch > KBOB / ecobau / IPB 2009/1:2016,60
"00.009 Baugrubensicherung, Schlitzwand, 800 mm (KBOB.2016)","00.009 Baugrubensicherung, Schlitzwand, 800 mm (KBOB.2016)",,,,OTHER_RESOURCE,OTHER_RESOURCE_CONSTRUCTION_MATERIAL_PREPARATION_WORK,,,1230000.000000,1100000.000000,129000.000000,136.000000,126.000000,9.430000,2270.000000,2010.000000,256.000000,777.000000,728.000000,49.600000,m2,area,,00.009,KBOB 2016,Alle > RESSOURCEN > kbob.admin.ch > KBOB / ecobau / IPB 2009/1:2016,60
"00.010 Baugrubensicherung, Spundwand, auskragend (KBOB.2016)","00.010 Baugrubensicherung, Spundwand, auskragend (KBOB.2016)",,,,OTHER_RESOURCE,OTHER_RESOURCE_CONSTRUCTION_MATERIAL_PREPARATION_WORK,,,228000.000000,228000.000000,0.000000,46.200000,46.200000,0.000000,747.000000,747.000000,0.000000,163.000000,163.000000,0.000000,m2,area,,00.010,KBOB 2016,Alle > RESSOURCEN > kbob.admin.ch > KBOB / ecobau / IPB 2009/1:2016,60
"00.011 Baugrubensicherung, Spundwand, gespriesst (KBOB.2016)","00.011 Baugrubensicherung, Spundwand, gespriesst (KBOB.2016)",,,,OTHER_RESOURCE,OTHER_RESOURCE_CONSTRUCTION_MATERIAL_PREPARATION_WORK,,,129000.000000,129000.000000,0.000000,25.300000,25.300000,0.000000,421.000000,421.000000,0.000000,92.300000,92.300000,0.000000,m2,area,,00.011,KBOB 2016,Alle > RESSOURCEN > kbob.admin.ch > KBOB / ecobau / IPB 2009/1:2016,60
"00.012 Baugrubensicherung, Spundwand, verankert (KBOB.2016)","00.012 Baugrubensicherung, Spundwand, verankert (KBOB.2016)",,,,OTHER_RESOURCE,OTHER_RESOURCE_CONSTRUCTION_MATERIAL_PREPARATION_WORK,,,255000.000000,255000.000000,0.000000,55.300000,55.300000,0.000000,813.000000,813.000000,0.000000,181.000000,181.000000,0.000000,m2,area,,00.012,KBOB 2016,Alle > RESSOURCEN > kbob.admin.ch > KBOB / ecobau / IPB 2009/1:2016,60
"00.013 Tiefgründung, Mikrobohrpfahl (KBOB.2016)","00.013 Tiefgründung, Mikrobohrpfahl (KBOB.2016)",,,,OTHER_RESOURCE,OTHER_RESOURCE_CONSTRUCTION_MATERIAL_PREPARATION_WORK,,,48600.000000,48600.000000,0.000000,7.740000,7.740000,0.000000,116.000000,116.000000,0.000000,30.600000,30.600000,0.000000,m,probeLength,,00.013,KBOB 2016,Alle > RESSOURCEN > kbob.admin.ch > KBOB / ecobau / IPB 2009/1:2016,60
"00.014 Tiefgründung, Ortbetonbohrpfahl, 700 mm (KBOB.2016)","00.014 Tiefgründung, Ortbetonbohrpfahl, 700 mm (KBOB.2016)",,,,OTHER_RESOURCE,OTHER_RESOURCE_CONSTRUCTION_MATERIAL_PREPARATION_WORK,,,229000.000000,229000.000000,0.000000,22.400000,22.400000,0.000000,404.000000,404.000000,0.000000,159.000000,159.000000,0.000000,m,probeLength,,00.014,KBOB 2016,Alle > RESSOURCEN > kbob.admin.ch > KBOB / ecobau / IPB 2009/1:2016,60
"00.015 Tiefgründung, Ortbetonbohrpfahl, 900 mm (KBOB.2016)","00.015 Tiefgründung, Ortbetonbohrpfahl, 900 mm (KBOB.2016)",,,,OTHER_RESOURCE,OTHER_RESOURCE_CONSTRUCTION_MATERIAL_PREPARATION_WORK,,,331000.000000,331000.000000,0.000000,35.000000,35.000000,0.000000,566.000000,566.000000,0.000000,239.000000,239.000000,0.000000,m,probeLength,,00.015,KBOB 2016,Alle > RESSOURCEN > kbob.admin.ch > KBOB / ecobau / IPB 2009/1:2016,60
"00.016 Tiefgründung, Ortbetonbohrpfahl, 1200 mm (KBOB.2016)","00.016 Tiefgründung, Ortbetonbohrpfahl, 1200 mm (KBOB.2016)",,,,OTHER_RESOURCE,OTHER_RESOURCE_CONSTRUCTION_MATERIAL_PREPARATION_WORK,,,506000.000000,506000.000000,0.000000,55.600000,55.600000,0.000000,851.000000,851.000000,0.000000,372.000000,372.000000,0.000000,m,probeLength,,00.016,KBOB 2016,Alle > RESSOURCEN > kbob.admin.ch > KBOB / ecobau / IPB 2009/1:2016,60
"00.017 Tiefgründung, Ortbetonverdrängungspfahl 560/480 mm (KBOB.2016)","00.017 Tiefgründung, Ortbetonverdrängungspfahl 560/480 mm (KBOB.2016)",,,,OTHER_RESOURCE,OTHER_RESOURCE_CONSTRUCTION_MATERIAL_PREPARATION_WORK,,,122000.000000,122000.000000,0.000000,9.870000,9.870000,0.000000,226.000000,226.000000,0.000000,72.200000,72.200000,0.000000,m,probeLength,,00.017,KBOB 2016,Alle > RESSOURCEN > kbob.admin.ch > KBOB / ecobau / IPB 2009/1:2016,60
"00.018 Tiefgründung, Ortbetonverdrängungspfahl 660/580 mm (KBOB.2016)","00.018 Tiefgründung, Ortbetonverdrängungspfahl 660/580 mm (KBOB.2016)",,,,OTHER_RESOURCE,OTHER_RESOURCE_CONSTRUCTION_MATERIAL_PREPARATION_WORK,,,152000.000000,152000.000000,0.000000,13.200000,13.200000,0.000000,273.000000,273.000000,0.000000,91.300000,91.300000,0.000000,m,probeLength,,00.018,KBOB 2016,Alle > RESSOURCEN > kbob.admin.ch > KBOB / ecobau / IPB 2009/1:2016,60
"00.019 Tiefgründung, Rüttelstopfsäule (KBOB.2016)","00.019 Tiefgründung, Rüttelstopfsäule (KBOB.2016)",,,,OTHER_RESOURCE,OTHER_RESOURCE_CONSTRUCTION_MATERIAL_PREPARATION_WORK,,,29900.000000,29900.000000,0.000000,1.100000,1.100000,0.000000,30.900000,30.900000,0.000000,6.450000,6.450000,0.000000,m,probeLength,,00.019,KBOB 2016,Alle > RESSOURCEN > kbob.admin.ch > KBOB / ecobau / IPB 2009/1:2016,60
"00.020 Tiefgründung, Vorgefertigter Betonpfahl (KBOB.2016)","00.020 Tiefgründung, Vorgefertigter Betonpfahl (KBOB.2016)",,,,OTHER_RESOURCE,OTHER_RESOURCE_CONSTRUCTION_MATERIAL_PREPARATION_WORK,,,38800.000000,38800.000000,0.000000,4.220000,4.220000,0.000000,66.100000,66.100000,0.000000,28.600000,28.600000,0.000000,m,probeLength,,00.020,KBOB 2016,Alle > RESSOURCEN > kbob.admin.ch > KBOB / ecobau / IPB 2009/1:2016,60
"00.021 Wasserhaltung, Pumphöhe 2.5 m (KBOB.2016)","00.021 Wasserhaltung, Pumphöhe 2.5 m (KBOB.2016)",,,,OTHER_RESOURCE,OTHER_RESOURCE_CONSTRUCTION_MATERIAL_PREPARATION_WORK,,,14.400000,14.400000,0.000000,0.019600,0.019600,0.000000,0.101000,0.101000,0.000000,0.004210,0.004210,0.000000,m3,volume,,00.021,KBOB 2016,Alle > RESSOURCEN > kbob.admin.ch > KBOB / ecobau / IPB 2009/1:2016,60
"00.022 Wasserhaltung, Pumphöhe 5 m (KBOB.2016)","00.022 Wasserhaltung, Pumphöhe 5 m (KBOB.2016)",,,,OTHER_RESOURCE,OTHER_RESOURCE_CONSTRUCTION_MATERIAL_PREPARATION_WORK,,,16.800000,16.800000,0.000000,0.023000,0.023000,0.000000,0.119000,0.119000,0.000000,0.004920,0.004920,0.000000,m3,volume,,00.022,KBOB 2016,Alle > RESSOURCEN > kbob.admin.ch > KBOB / ecobau / IPB 2009/1:2016,60
"00.023 Wasserhaltung, Pumphöhe 7.5 m (KBOB.2016)","00.023 Wasserhaltung, Pumphöhe 7.5 m (KBOB.2016)",,,,OTHER_RESOURCE,OTHER_RESOURCE_CONSTRUCTION_MATERIAL_PREPARATION_WORK,,,19.600000,19.600000,0.000000,0.026800,0.026800,0.000000,0.138000,0.138000,0.000000,0.005710,0.005710,0.000000,m3,volume,,00.023,KBOB 2016,Alle > RESSOURCEN > kbob.admin.ch > KBOB / ecobau / IPB 2009/1:2016,60
"00.024 Wasserhaltung, Pumphöhe 10 m (KBOB.2016)","00.024 Wasserhaltung, Pumphöhe 10 m (KBOB.2016)",,,,OTHER_RESOURCE,OTHER_RESOURCE_CONSTRUCTION_MATERIAL_PREPARATION_WORK,,,22.500000,22.500000,0.000000,0.030900,0.030900,0.000000,0.159000,0.159000,0.000000,0.006560,0.006560,0.000000,m3,volume,,00.024,KBOB 2016,Alle > RESSOURCEN > kbob.admin.ch > KBOB / ecobau / IPB 2009/1:2016,60