Name,ProductKey,Description,Picture,Product sections,Type,SubType,vyzn.catalogue.Density,vyzn.catalogue.ch.KBOB2022.UBPTotal,vyzn.catalogue.ch.KBOB2022.UBPProduction,vyzn.catalogue.ch.KBOB2022.UBPDisposal,vyzn.catalogue.ch.KBOB2022.RenewableEnergyTotal,vyzn.catalogue.ch.KBOB2022.RenewableEnergyProduction,vyzn.catalogue.ch.KBOB2022.RenewableEnergyDisposal,vyzn.catalogue.ch.KBOB2022.GreyEnergyTotal,vyzn.catalogue.ch.KBOB2022.GreyEnergyProduction,vyzn.catalogue.ch.KBOB2022.GreyEnergyDisposal,vyzn.catalogue.ch.KBOB2022.GHGEmissionsTotal,vyzn.catalogue.ch.KBOB2022.GHGEmissionsProduction,vyzn.catalogue.ch.KBOB2022.GHGEmissionsDisposal,vyzn.catalogue.ch.KBOB2022.LCARefUnit,vyzn.catalogue.ch.KBOB2022.LCARefDimension,vyzn.catalogue.ch.KBOB2022.BiogenicCarbon,KBOB REF,vyzn.catalogue.SourceENV,categoryPath,vyzn.catalogue.lifeCycle
"91.001 Entsorgung, Asphalt, 0.1% Wasser, in Reaktordeponie (KBOB.2016)","91.001 Entsorgung, Asphalt, 0.1% Wasser, in Reaktordeponie (KBOB.2016)",,,,OTHER_RESOURCE,OTHER_RESOURCE_DISPOSAL_CONSTRUCTION_MATERIAL,,121,,121,0.00,,0.00,0.09,,0.09,0.02,,0.02,kg,mass,,91.001,KBOB 2016,Alle > RESSOURCEN > kbob.admin.ch > KBOB / ecobau / IPB 2009/1:2016,60
"91.002 Entsorgung, Bodenbelag, 2K-Fliessbelag Industrie (Epoxidharz), 2.25 mm (KBOB.2016)","91.002 Entsorgung, Bodenbelag, 2K-Fliessbelag Industrie (Epoxidharz), 2.25 mm (KBOB.2016)",,,,OTHER_RESOURCE,OTHER_RESOURCE_DISPOSAL_CONSTRUCTION_MATERIAL,,3430,,3430,0.02,,0.02,1.58,,1.58,6.09,,6.09,m2,area,,91.002,KBOB 2016,Alle > RESSOURCEN > kbob.admin.ch > KBOB / ecobau / IPB 2009/1:2016,60
"91.003 Entsorgung, Bodenbelag, 2K-Fliessbelag Wohnen/Verwaltung (Epoxidharz, PU), 2 mm (KBOB.2016)","91.003 Entsorgung, Bodenbelag, 2K-Fliessbelag Wohnen/Verwaltung (Epoxidharz, PU), 2 mm (KBOB.2016)",,,,OTHER_RESOURCE,OTHER_RESOURCE_DISPOSAL_CONSTRUCTION_MATERIAL,,2980,,2980,0.02,,0.02,1.54,,1.54,5.19,,5.19,m2,area,,91.003,KBOB 2016,Alle > RESSOURCEN > kbob.admin.ch > KBOB / ecobau / IPB 2009/1:2016,60
"91.004 Entsorgung, Bodenbelag, Gummigranulat versiegelt, 7.5 mm (KBOB.2016)","91.004 Entsorgung, Bodenbelag, Gummigranulat versiegelt, 7.5 mm (KBOB.2016)",,,,OTHER_RESOURCE,OTHER_RESOURCE_DISPOSAL_CONSTRUCTION_MATERIAL,,6780,,6780,0.04,,0.04,2.15,,2.15,12.60,,12.60,m2,area,,91.004,KBOB 2016,Alle > RESSOURCEN > kbob.admin.ch > KBOB / ecobau / IPB 2009/1:2016,60
"91.005 Entsorgung, Bodenbelag, Hartbeton einschichtig, 27.5 mm (KBOB.2016)","91.005 Entsorgung, Bodenbelag, Hartbeton einschichtig, 27.5 mm (KBOB.2016)",,,,OTHER_RESOURCE,OTHER_RESOURCE_DISPOSAL_CONSTRUCTION_MATERIAL,,214,,214,0.00,,0.00,0.51,,0.51,0.09,,0.09,m2,area,,91.005,KBOB 2016,Alle > RESSOURCEN > kbob.admin.ch > KBOB / ecobau / IPB 2009/1:2016,60
"91.006 Entsorgung, Bodenbelag, Hartbeton zweischichtig, 35 mm (KBOB.2016)","91.006 Entsorgung, Bodenbelag, Hartbeton zweischichtig, 35 mm (KBOB.2016)",,,,OTHER_RESOURCE,OTHER_RESOURCE_DISPOSAL_CONSTRUCTION_MATERIAL,,270,,270,0.01,,0.01,0.64,,0.64,0.11,,0.11,m2,area,,91.006,KBOB 2016,Alle > RESSOURCEN > kbob.admin.ch > KBOB / ecobau / IPB 2009/1:2016,60
"91.007 Entsorgung, Bodenbelag, Kautschuk, 2mm (KBOB.2016)","91.007 Entsorgung, Bodenbelag, Kautschuk, 2mm (KBOB.2016)",,,,OTHER_RESOURCE,OTHER_RESOURCE_DISPOSAL_CONSTRUCTION_MATERIAL,,2600,,2600,0.02,,0.02,0.54,,0.54,4.78,,4.78,m2,area,,91.007,KBOB 2016,Alle > RESSOURCEN > kbob.admin.ch > KBOB / ecobau / IPB 2009/1:2016,60
"91.008 Entsorgung, Bodenbelag, Kork Fertigparkett, 10.5 mm (KBOB.2016)","91.008 Entsorgung, Bodenbelag, Kork Fertigparkett, 10.5 mm (KBOB.2016)",,,,OTHER_RESOURCE,OTHER_RESOURCE_DISPOSAL_CONSTRUCTION_MATERIAL,,1210,,1210,0.01,,0.01,0.63,,0.63,1.66,,1.66,m2,area,,91.008,KBOB 2016,Alle > RESSOURCEN > kbob.admin.ch > KBOB / ecobau / IPB 2009/1:2016,60
"91.009 Entsorgung, Bodenbelag, Kork PVC-beschichtet, 3.2 mm (KBOB.2016)","91.009 Entsorgung, Bodenbelag, Kork PVC-beschichtet, 3.2 mm (KBOB.2016)",,,,OTHER_RESOURCE,OTHER_RESOURCE_DISPOSAL_CONSTRUCTION_MATERIAL,,1550,,1550,0.01,,0.01,0.36,,0.36,2.82,,2.82,m2,area,,91.009,KBOB 2016,Alle > RESSOURCEN > kbob.admin.ch > KBOB / ecobau / IPB 2009/1:2016,60
"91.010 Entsorgung, Bodenbelag, Korkparkett geölt/versiegelt, 5.3 mm (KBOB.2016)","91.010 Entsorgung, Bodenbelag, Korkparkett geölt/versiegelt, 5.3 mm (KBOB.2016)",,,,OTHER_RESOURCE,OTHER_RESOURCE_DISPOSAL_CONSTRUCTION_MATERIAL,,401,,401,0.00,,0.00,0.19,,0.19,0.59,,0.59,m2,area,,91.010,KBOB 2016,Alle > RESSOURCEN > kbob.admin.ch > KBOB / ecobau / IPB 2009/1:2016,60
"91.011 Entsorgung, Bodenbelag, Laminat, 8.5 mm (KBOB.2016)","91.011 Entsorgung, Bodenbelag, Laminat, 8.5 mm (KBOB.2016)",,,,OTHER_RESOURCE,OTHER_RESOURCE_DISPOSAL_CONSTRUCTION_MATERIAL,,248,,248,0.00,,0.00,0.29,,0.29,0.09,,0.09,m2,area,,91.011,KBOB 2016,Alle > RESSOURCEN > kbob.admin.ch > KBOB / ecobau / IPB 2009/1:2016,60
"91.012 Entsorgung, Bodenbelag, Linoleum, 2.5 mm (KBOB.2016)","91.012 Entsorgung, Bodenbelag, Linoleum, 2.5 mm (KBOB.2016)",,,,OTHER_RESOURCE,OTHER_RESOURCE_DISPOSAL_CONSTRUCTION_MATERIAL,,378,,378,0.00,,0.00,0.27,,0.27,0.46,,0.46,m2,area,,91.012,KBOB 2016,Alle > RESSOURCEN > kbob.admin.ch > KBOB / ecobau / IPB 2009/1:2016,60
"91.013 Entsorgung, Bodenbelag, Parkett 2-Schicht werkversiegelt, 11 mm (KBOB.2016)","91.013 Entsorgung, Bodenbelag, Parkett 2-Schicht werkversiegelt, 11 mm (KBOB.2016)",,,,OTHER_RESOURCE,OTHER_RESOURCE_DISPOSAL_CONSTRUCTION_MATERIAL,,159,,159,0.00,,0.00,0.18,,0.18,0.06,,0.06,m2,area,,91.013,KBOB 2016,Alle > RESSOURCEN > kbob.admin.ch > KBOB / ecobau / IPB 2009/1:2016,60
"91.014 Entsorgung, Bodenbelag, Parkett 3-Schicht werkversiegelt, 15 mm (KBOB.2016)","91.014 Entsorgung, Bodenbelag, Parkett 3-Schicht werkversiegelt, 15 mm (KBOB.2016)",,,,OTHER_RESOURCE,OTHER_RESOURCE_DISPOSAL_CONSTRUCTION_MATERIAL,,216,,216,0.00,,0.00,0.25,,0.25,0.08,,0.08,m2,area,,91.014,KBOB 2016,Alle > RESSOURCEN > kbob.admin.ch > KBOB / ecobau / IPB 2009/1:2016,60
"91.015 Entsorgung, Bodenbelag, Parkett Mosaik werkversiegelt, 8 mm (KBOB.2016)","91.015 Entsorgung, Bodenbelag, Parkett Mosaik werkversiegelt, 8 mm (KBOB.2016)",,,,OTHER_RESOURCE,OTHER_RESOURCE_DISPOSAL_CONSTRUCTION_MATERIAL,,134,,134,0.00,,0.00,0.16,,0.16,0.05,,0.05,m2,area,,91.015,KBOB 2016,Alle > RESSOURCEN > kbob.admin.ch > KBOB / ecobau / IPB 2009/1:2016,60
"91.016 Entsorgung, Bodenbelag, PVC homogen, 2 mm (KBOB.2016)","91.016 Entsorgung, Bodenbelag, PVC homogen, 2 mm (KBOB.2016)",,,,OTHER_RESOURCE,OTHER_RESOURCE_DISPOSAL_CONSTRUCTION_MATERIAL,,3050,,3050,0.18,,0.18,2.32,,2.32,5.24,,5.24,m2,area,,91.016,KBOB 2016,Alle > RESSOURCEN > kbob.admin.ch > KBOB / ecobau / IPB 2009/1:2016,60
"91.017 Entsorgung, Bodenbelag, Steinholz versiegelt, 16.5 mm (KBOB.2016)","91.017 Entsorgung, Bodenbelag, Steinholz versiegelt, 16.5 mm (KBOB.2016)",,,,OTHER_RESOURCE,OTHER_RESOURCE_DISPOSAL_CONSTRUCTION_MATERIAL,,330,,330,0.01,,0.01,1.26,,1.26,0.16,,0.16,m2,area,,91.017,KBOB 2016,Alle > RESSOURCEN > kbob.admin.ch > KBOB / ecobau / IPB 2009/1:2016,60
"91.018 Entsorgung, Bodenbelag, Synthetische thermoplastische Beläge (TPO), 2 mm (KBOB.2016)","91.018 Entsorgung, Bodenbelag, Synthetische thermoplastische Beläge (TPO), 2 mm (KBOB.2016)",,,,OTHER_RESOURCE,OTHER_RESOURCE_DISPOSAL_CONSTRUCTION_MATERIAL,,2790,,2790,0.02,,0.02,0.68,,0.68,5.10,,5.10,m2,area,,91.018,KBOB 2016,Alle > RESSOURCEN > kbob.admin.ch > KBOB / ecobau / IPB 2009/1:2016,60
"91.019 Entsorgung, Bodenbelag, Teppich Kunstfaser getuftet (KBOB.2016)","91.019 Entsorgung, Bodenbelag, Teppich Kunstfaser getuftet (KBOB.2016)",,,,OTHER_RESOURCE,OTHER_RESOURCE_DISPOSAL_CONSTRUCTION_MATERIAL,,2270,,2270,0.01,,0.01,0.40,,0.40,4.41,,4.41,m2,area,,91.019,KBOB 2016,Alle > RESSOURCEN > kbob.admin.ch > KBOB / ecobau / IPB 2009/1:2016,60
"91.020 Entsorgung, Bodenbelag, Teppich Nadelfilz (KBOB.2016)","91.020 Entsorgung, Bodenbelag, Teppich Nadelfilz (KBOB.2016)",,,,OTHER_RESOURCE,OTHER_RESOURCE_DISPOSAL_CONSTRUCTION_MATERIAL,,1880,,1880,0.01,,0.01,0.27,,0.27,3.68,,3.68,m2,area,,91.020,KBOB 2016,Alle > RESSOURCEN > kbob.admin.ch > KBOB / ecobau / IPB 2009/1:2016,60
"91.021 Entsorgung, Bodenbelag, Teppich Naturfaser (KBOB.2016)","91.021 Entsorgung, Bodenbelag, Teppich Naturfaser (KBOB.2016)",,,,OTHER_RESOURCE,OTHER_RESOURCE_DISPOSAL_CONSTRUCTION_MATERIAL,,710,,710,0.01,,0.01,0.24,,0.24,1.16,,1.16,m2,area,,91.021,KBOB 2016,Alle > RESSOURCEN > kbob.admin.ch > KBOB / ecobau / IPB 2009/1:2016,60
"91.022 Entsorgung, Bodenbelag, Terrazzo versiegelt, 40 mm (KBOB.2016)","91.022 Entsorgung, Bodenbelag, Terrazzo versiegelt, 40 mm (KBOB.2016)",,,,OTHER_RESOURCE,OTHER_RESOURCE_DISPOSAL_CONSTRUCTION_MATERIAL,,339,,339,0.01,,0.01,0.81,,0.81,0.14,,0.14,m2,area,,91.022,KBOB 2016,Alle > RESSOURCEN > kbob.admin.ch > KBOB / ecobau / IPB 2009/1:2016,60
"91.023 Entsorgung, Gebäude, Anstrich auf Holz, in Beseitigung (KBOB.2016)","91.023 Entsorgung, Gebäude, Anstrich auf Holz, in Beseitigung (KBOB.2016)",,,,OTHER_RESOURCE,OTHER_RESOURCE_DISPOSAL_CONSTRUCTION_MATERIAL,,1570,,1570,0.00,,0.00,0.09,,0.09,2.40,,2.40,kg,mass,,91.023,KBOB 2016,Alle > RESSOURCEN > kbob.admin.ch > KBOB / ecobau / IPB 2009/1:2016,60
"91.024 Entsorgung, Gebäude, Aussentüre, Holz-Aluminium, in Beseitigung (KBOB.2016)","91.024 Entsorgung, Gebäude, Aussentüre, Holz-Aluminium, in Beseitigung (KBOB.2016)",,,,OTHER_RESOURCE,OTHER_RESOURCE_DISPOSAL_CONSTRUCTION_MATERIAL,,4680,,4680,0.12,,0.12,8.66,,8.66,3.27,,3.27,m2,area,,91.024,KBOB 2016,Alle > RESSOURCEN > kbob.admin.ch > KBOB / ecobau / IPB 2009/1:2016,60
"91.025 Entsorgung, Gebäude, Aussentüre, Holz-Glas, in Beseitigung (KBOB.2016)","91.025 Entsorgung, Gebäude, Aussentüre, Holz-Glas, in Beseitigung (KBOB.2016)",,,,OTHER_RESOURCE,OTHER_RESOURCE_DISPOSAL_CONSTRUCTION_MATERIAL,,5500,,5500,0.11,,0.11,8.39,,8.39,5.62,,5.62,m2,area,,91.025,KBOB 2016,Alle > RESSOURCEN > kbob.admin.ch > KBOB / ecobau / IPB 2009/1:2016,60
"91.026 Entsorgung, Gebäude, Backstein, in Beseitigung (KBOB.2016)","91.026 Entsorgung, Gebäude, Backstein, in Beseitigung (KBOB.2016)",,,,OTHER_RESOURCE,OTHER_RESOURCE_DISPOSAL_CONSTRUCTION_MATERIAL,,35,,35,0.00,,0.00,0.08,,0.08,0.01,,0.01,kg,mass,,91.026,KBOB 2016,Alle > RESSOURCEN > kbob.admin.ch > KBOB / ecobau / IPB 2009/1:2016,60
"91.027 Entsorgung, Gebäude, Bitumenbahn, in Beseitigung (KBOB.2016)","91.027 Entsorgung, Gebäude, Bitumenbahn, in Beseitigung (KBOB.2016)",,,,OTHER_RESOURCE,OTHER_RESOURCE_DISPOSAL_CONSTRUCTION_MATERIAL,,1180,,1180,0.01,,0.01,0.22,,0.22,2.37,,2.37,kg,mass,,91.027,KBOB 2016,Alle > RESSOURCEN > kbob.admin.ch > KBOB / ecobau / IPB 2009/1:2016,60
"91.028 Entsorgung, Gebäude, EPS-Isolation flammgeschützt, in Beseitigung (KBOB.2016)","91.028 Entsorgung, Gebäude, EPS-Isolation flammgeschützt, in Beseitigung (KBOB.2016)",,,,OTHER_RESOURCE,OTHER_RESOURCE_DISPOSAL_CONSTRUCTION_MATERIAL,,1570,,1570,0.00,,0.00,0.13,,0.13,3.19,,3.19,kg,mass,,91.028,KBOB 2016,Alle > RESSOURCEN > kbob.admin.ch > KBOB / ecobau / IPB 2009/1:2016,60
"91.029 Entsorgung, Gebäude, Fensterrahmen, Holz, in Beseitigung (KBOB.2016)","91.029 Entsorgung, Gebäude, Fensterrahmen, Holz, in Beseitigung (KBOB.2016)",,,,OTHER_RESOURCE,OTHER_RESOURCE_DISPOSAL_CONSTRUCTION_MATERIAL,,15900,,15900,0.14,,0.14,8.09,,8.09,19.60,,19.60,m2,area,,91.029,KBOB 2016,Alle > RESSOURCEN > kbob.admin.ch > KBOB / ecobau / IPB 2009/1:2016,60
"91.030 Entsorgung, Gebäude, Fensterrahmen, Holz-Metall, in Beseitigung (KBOB.2016)","91.030 Entsorgung, Gebäude, Fensterrahmen, Holz-Metall, in Beseitigung (KBOB.2016)",,,,OTHER_RESOURCE,OTHER_RESOURCE_DISPOSAL_CONSTRUCTION_MATERIAL,,18400,,18400,0.14,,0.14,7.75,,7.75,25.70,,25.70,m2,area,,91.030,KBOB 2016,Alle > RESSOURCEN > kbob.admin.ch > KBOB / ecobau / IPB 2009/1:2016,60
"91.031 Entsorgung, Gebäude, Fensterrahmen, Plastik, in Beseitigung (KBOB.2016)","91.031 Entsorgung, Gebäude, Fensterrahmen, Plastik, in Beseitigung (KBOB.2016)",,,,OTHER_RESOURCE,OTHER_RESOURCE_DISPOSAL_CONSTRUCTION_MATERIAL,,33200,,33200,2.42,,2.42,28.90,,28.90,57.20,,57.20,m2,area,,91.031,KBOB 2016,Alle > RESSOURCEN > kbob.admin.ch > KBOB / ecobau / IPB 2009/1:2016,60
"91.032 Entsorgung, Gebäude, Flachglas, in Beseitigung (KBOB.2016)","91.032 Entsorgung, Gebäude, Flachglas, in Beseitigung (KBOB.2016)",,,,OTHER_RESOURCE,OTHER_RESOURCE_DISPOSAL_CONSTRUCTION_MATERIAL,,19,,19,0.00,,0.00,0.07,,0.07,0.01,,0.01,kg,mass,,91.032,KBOB 2016,Alle > RESSOURCEN > kbob.admin.ch > KBOB / ecobau / IPB 2009/1:2016,60
"91.033 Entsorgung, Gebäude, Holzzementplatte, in Beseitigung (KBOB.2016)","91.033 Entsorgung, Gebäude, Holzzementplatte, in Beseitigung (KBOB.2016)",,,,OTHER_RESOURCE,OTHER_RESOURCE_DISPOSAL_CONSTRUCTION_MATERIAL,,53,,53,0.00,,0.00,0.08,,0.08,0.02,,0.02,kg,mass,,91.033,KBOB 2016,Alle > RESSOURCEN > kbob.admin.ch > KBOB / ecobau / IPB 2009/1:2016,60
"91.034 Entsorgung, Gebäude, Innentüre, Glas-Holz, in Beseitigung (KBOB.2016)","91.034 Entsorgung, Gebäude, Innentüre, Glas-Holz, in Beseitigung (KBOB.2016)",,,,OTHER_RESOURCE,OTHER_RESOURCE_DISPOSAL_CONSTRUCTION_MATERIAL,,10600,,10600,0.30,,0.30,20.50,,20.50,11.60,,11.60,m2,area,,91.034,KBOB 2016,Alle > RESSOURCEN > kbob.admin.ch > KBOB / ecobau / IPB 2009/1:2016,60
"91.035 Entsorgung, Gebäude, Innentüre, Holz, in Beseitigung (KBOB.2016)","91.035 Entsorgung, Gebäude, Innentüre, Holz, in Beseitigung (KBOB.2016)",,,,OTHER_RESOURCE,OTHER_RESOURCE_DISPOSAL_CONSTRUCTION_MATERIAL,,5370,,5370,0.08,,0.08,4.10,,4.10,7.73,,7.73,m2,area,,91.035,KBOB 2016,Alle > RESSOURCEN > kbob.admin.ch > KBOB / ecobau / IPB 2009/1:2016,60
"91.036 Entsorgung, Gebäude, Mineralwolle, in Beseitigung (KBOB.2016)","91.036 Entsorgung, Gebäude, Mineralwolle, in Beseitigung (KBOB.2016)",,,,OTHER_RESOURCE,OTHER_RESOURCE_DISPOSAL_CONSTRUCTION_MATERIAL,,30,,30,0.00,,0.00,0.07,,0.07,0.01,,0.01,kg,mass,,91.036,KBOB 2016,Alle > RESSOURCEN > kbob.admin.ch > KBOB / ecobau / IPB 2009/1:2016,60
"91.037 Entsorgung, Gebäude, PE-Dichtungsbahn, in Beseitigung (KBOB.2016)","91.037 Entsorgung, Gebäude, PE-Dichtungsbahn, in Beseitigung (KBOB.2016)",,,,OTHER_RESOURCE,OTHER_RESOURCE_DISPOSAL_CONSTRUCTION_MATERIAL,,1360,,1360,0.00,,0.00,0.13,,0.13,2.58,,2.58,kg,mass,,91.037,KBOB 2016,Alle > RESSOURCEN > kbob.admin.ch > KBOB / ecobau / IPB 2009/1:2016,60
"91.038 Entsorgung, Gebäude, Polyethylen/Polypropylen-Produkte, in Beseitigung (KBOB.2016)","91.038 Entsorgung, Gebäude, Polyethylen/Polypropylen-Produkte, in Beseitigung (KBOB.2016)",,,,OTHER_RESOURCE,OTHER_RESOURCE_DISPOSAL_CONSTRUCTION_MATERIAL,,1480,,1480,0.00,,0.00,0.13,,0.13,3.03,,3.03,kg,mass,,91.038,KBOB 2016,Alle > RESSOURCEN > kbob.admin.ch > KBOB / ecobau / IPB 2009/1:2016,60
"91.039 Entsorgung, Gebäude, PUR-Schaum, in Beseitigung (KBOB.2016)","91.039 Entsorgung, Gebäude, PUR-Schaum, in Beseitigung (KBOB.2016)",,,,OTHER_RESOURCE,OTHER_RESOURCE_DISPOSAL_CONSTRUCTION_MATERIAL,,1510,,1510,0.01,,0.01,0.64,,0.64,2.72,,2.72,kg,mass,,91.039,KBOB 2016,Alle > RESSOURCEN > kbob.admin.ch > KBOB / ecobau / IPB 2009/1:2016,60
"91.040 Entsorgung, Gebäude, PVC-Produkte, in Beseitigung (KBOB.2016)","91.040 Entsorgung, Gebäude, PVC-Produkte, in Beseitigung (KBOB.2016)",,,,OTHER_RESOURCE,OTHER_RESOURCE_DISPOSAL_CONSTRUCTION_MATERIAL,,1180,,1180,0.09,,0.09,1.03,,1.03,2.04,,2.04,kg,mass,,91.040,KBOB 2016,Alle > RESSOURCEN > kbob.admin.ch > KBOB / ecobau / IPB 2009/1:2016,60
"91.041 Entsorgung, Gebäude, Spanplatte, in Beseitigung (KBOB.2016)","91.041 Entsorgung, Gebäude, Spanplatte, in Beseitigung (KBOB.2016)",,,,OTHER_RESOURCE,OTHER_RESOURCE_DISPOSAL_CONSTRUCTION_MATERIAL,,159,,159,0.00,,0.00,0.11,,0.11,0.22,,0.22,kg,mass,,91.041,KBOB 2016,Alle > RESSOURCEN > kbob.admin.ch > KBOB / ecobau / IPB 2009/1:2016,60
"91.042 Entsorgungsmix, Isolierverglasung 2-fach, Ug-Wert 1.1 W/m2K, Dicke 24 mm (KBOB.2016)","91.042 Entsorgungsmix, Isolierverglasung 2-fach, Ug-Wert 1.1 W/m2K, Dicke 24 mm (KBOB.2016)",,,,OTHER_RESOURCE,OTHER_RESOURCE_DISPOSAL_CONSTRUCTION_MATERIAL,,2180,,2180,0.02,,0.02,1.35,,1.35,3.88,,3.88,m2,area,,91.042,KBOB 2016,Alle > RESSOURCEN > kbob.admin.ch > KBOB / ecobau / IPB 2009/1:2016,60
"91.043 Entsorgungsmix, Isolierverglasung 2-fach, VSG, Ug-Wert 1.1 W/m2K (KBOB.2016)","91.043 Entsorgungsmix, Isolierverglasung 2-fach, VSG, Ug-Wert 1.1 W/m2K (KBOB.2016)",,,,OTHER_RESOURCE,OTHER_RESOURCE_DISPOSAL_CONSTRUCTION_MATERIAL,,3900,,3900,0.02,,0.02,2.05,,2.05,7.16,,7.16,m2,area,,91.043,KBOB 2016,Alle > RESSOURCEN > kbob.admin.ch > KBOB / ecobau / IPB 2009/1:2016,60
"91.044 Entsorgungsmix, Isolierverglasung 3-fach, Ug-Wert 0.5 W/m2K, Dicke 36 mm (KBOB.2016)","91.044 Entsorgungsmix, Isolierverglasung 3-fach, Ug-Wert 0.5 W/m2K, Dicke 36 mm (KBOB.2016)",,,,OTHER_RESOURCE,OTHER_RESOURCE_DISPOSAL_CONSTRUCTION_MATERIAL,,2980,,2980,0.03,,0.03,1.99,,1.99,5.25,,5.25,m2,area,,91.044,KBOB 2016,Alle > RESSOURCEN > kbob.admin.ch > KBOB / ecobau / IPB 2009/1:2016,60
"91.071 Entsorgung, glasfaserverstärkter Kunststoff (GFK), in Kehrichtverbrennung  (KBOB.2016)","91.071 Entsorgung, glasfaserverstärkter Kunststoff (GFK), in Kehrichtverbrennung  (KBOB.2016)",,,,OTHER_RESOURCE,OTHER_RESOURCE_DISPOSAL_CONSTRUCTION_MATERIAL,,1030,,1030,0.00,,0.00,0.19,,0.19,1.98,,1.98,kg,mass,,91.071,KBOB 2016,Alle > RESSOURCEN > kbob.admin.ch > KBOB / ecobau / IPB 2009/1:2016,60
"91.045 Entsorgung, Gummi, unspezifisch, 0% Wasser, in Kehrichtverbrennung (KBOB.2016)","91.045 Entsorgung, Gummi, unspezifisch, 0% Wasser, in Kehrichtverbrennung (KBOB.2016)",,,,OTHER_RESOURCE,OTHER_RESOURCE_DISPOSAL_CONSTRUCTION_MATERIAL,,1590,,1590,0.01,,0.01,0.16,,0.16,3.16,,3.16,kg,mass,,91.045,KBOB 2016,Alle > RESSOURCEN > kbob.admin.ch > KBOB / ecobau / IPB 2009/1:2016,60
"91.046 Entsorgung, Papier, 11.2% Wasser, in Kehrichtverbrennung (KBOB.2016)","91.046 Entsorgung, Papier, 11.2% Wasser, in Kehrichtverbrennung (KBOB.2016)",,,,OTHER_RESOURCE,OTHER_RESOURCE_DISPOSAL_CONSTRUCTION_MATERIAL,,86,,86,0.00,,0.00,0.10,,0.10,0.04,,0.04,kg,mass,,91.046,KBOB 2016,Alle > RESSOURCEN > kbob.admin.ch > KBOB / ecobau / IPB 2009/1:2016,60
91.047 Entsorgungsmix Brettschichtholz verleimt (KBOB.2016),91.047 Entsorgungsmix Brettschichtholz verleimt (KBOB.2016),,,,OTHER_RESOURCE,OTHER_RESOURCE_DISPOSAL_CONSTRUCTION_MATERIAL,,87,,87,0.00,,0.00,0.06,,0.06,0.12,,0.12,kg,mass,,91.047,KBOB 2016,Alle > RESSOURCEN > kbob.admin.ch > KBOB / ecobau / IPB 2009/1:2016,60
91.048 Entsorgungsmix Dreischichtplatte (KBOB.2016),91.048 Entsorgungsmix Dreischichtplatte (KBOB.2016),,,,OTHER_RESOURCE,OTHER_RESOURCE_DISPOSAL_CONSTRUCTION_MATERIAL,,80,,80,0.00,,0.00,0.05,,0.05,0.11,,0.11,kg,mass,,91.048,KBOB 2016,Alle > RESSOURCEN > kbob.admin.ch > KBOB / ecobau / IPB 2009/1:2016,60
91.049 Entsorgungsmix Faserplatte hart (KBOB.2016),91.049 Entsorgungsmix Faserplatte hart (KBOB.2016),,,,OTHER_RESOURCE,OTHER_RESOURCE_DISPOSAL_CONSTRUCTION_MATERIAL,,91,,91,0.00,,0.00,0.06,,0.06,0.13,,0.13,kg,mass,,91.049,KBOB 2016,Alle > RESSOURCEN > kbob.admin.ch > KBOB / ecobau / IPB 2009/1:2016,60
91.050 Entsorgungsmix Faserplatte mittlerer Dichte (MDF) (KBOB.2016),91.050 Entsorgungsmix Faserplatte mittlerer Dichte (MDF) (KBOB.2016),,,,OTHER_RESOURCE,OTHER_RESOURCE_DISPOSAL_CONSTRUCTION_MATERIAL,,91,,91,0.00,,0.00,0.06,,0.06,0.13,,0.13,kg,mass,,91.050,KBOB 2016,Alle > RESSOURCEN > kbob.admin.ch > KBOB / ecobau / IPB 2009/1:2016,60
91.051 Entsorgungsmix Faserplatte weich (KBOB.2016),91.051 Entsorgungsmix Faserplatte weich (KBOB.2016),,,,OTHER_RESOURCE,OTHER_RESOURCE_DISPOSAL_CONSTRUCTION_MATERIAL,,44,,44,0.00,,0.00,0.04,,0.04,0.04,,0.04,kg,mass,,91.051,KBOB 2016,Alle > RESSOURCEN > kbob.admin.ch > KBOB / ecobau / IPB 2009/1:2016,60
"91.052 Entsorgungsmix Schnittholz, Laubholz, luft-/kammergetrocknet (KBOB.2016)","91.052 Entsorgungsmix Schnittholz, Laubholz, luft-/kammergetrocknet (KBOB.2016)",,,,OTHER_RESOURCE,OTHER_RESOURCE_DISPOSAL_CONSTRUCTION_MATERIAL,,27,,27,0.00,,0.00,0.03,,0.03,0.01,,0.01,kg,mass,,91.052,KBOB 2016,Alle > RESSOURCEN > kbob.admin.ch > KBOB / ecobau / IPB 2009/1:2016,60
"91.053 Entsorgungsmix Schnittholz, Laubholz, luftgetrocknet (KBOB.2016)","91.053 Entsorgungsmix Schnittholz, Laubholz, luftgetrocknet (KBOB.2016)",,,,OTHER_RESOURCE,OTHER_RESOURCE_DISPOSAL_CONSTRUCTION_MATERIAL,,25,,25,0.00,,0.00,0.03,,0.03,0.01,,0.01,kg,mass,,91.053,KBOB 2016,Alle > RESSOURCEN > kbob.admin.ch > KBOB / ecobau / IPB 2009/1:2016,60
"91.054 Entsorgungsmix Schnittholz, Nadelholz, kammergetrocknet (KBOB.2016)","91.054 Entsorgungsmix Schnittholz, Nadelholz, kammergetrocknet (KBOB.2016)",,,,OTHER_RESOURCE,OTHER_RESOURCE_DISPOSAL_CONSTRUCTION_MATERIAL,,27,,27,0.00,,0.00,0.03,,0.03,0.01,,0.01,kg,mass,,91.054,KBOB 2016,Alle > RESSOURCEN > kbob.admin.ch > KBOB / ecobau / IPB 2009/1:2016,60
"91.054.01 Entsorgungsmix Schnittholz, Nadelholz, kammergetrocknet, holzpur (KBOB.2016)","91.054.01 Entsorgungsmix Schnittholz, Nadelholz, kammergetrocknet, holzpur (KBOB.2016)",,,,OTHER_RESOURCE,OTHER_RESOURCE_DISPOSAL_CONSTRUCTION_MATERIAL,,27,,27,0.00,,0.00,0.03,,0.03,0.01,,0.01,kg,mass,,91.054,KBOB 2016,Alle > RESSOURCEN > kbob.admin.ch > KBOB / ecobau / IPB 2009/1:2016,60
"91.055 Entsorgungsmix Schnittholz, Nadelholz, luftgetrocknet (KBOB.2016)","91.055 Entsorgungsmix Schnittholz, Nadelholz, luftgetrocknet (KBOB.2016)",,,,OTHER_RESOURCE,OTHER_RESOURCE_DISPOSAL_CONSTRUCTION_MATERIAL,,25,,25,0.00,,0.00,0.03,,0.03,0.01,,0.01,kg,mass,,91.055,KBOB 2016,Alle > RESSOURCEN > kbob.admin.ch > KBOB / ecobau / IPB 2009/1:2016,60
"91.056 Entsorgungsmix Spanplatte, Aussenanwendung (KBOB.2016)","91.056 Entsorgungsmix Spanplatte, Aussenanwendung (KBOB.2016)",,,,OTHER_RESOURCE,OTHER_RESOURCE_DISPOSAL_CONSTRUCTION_MATERIAL,,91,,91,0.00,,0.00,0.06,,0.06,0.13,,0.13,kg,mass,,91.056,KBOB 2016,Alle > RESSOURCEN > kbob.admin.ch > KBOB / ecobau / IPB 2009/1:2016,60
"91.057 Entsorgungsmix Spanplatte, Innenanwendung (KBOB.2016)","91.057 Entsorgungsmix Spanplatte, Innenanwendung (KBOB.2016)",,,,OTHER_RESOURCE,OTHER_RESOURCE_DISPOSAL_CONSTRUCTION_MATERIAL,,91,,91,0.00,,0.00,0.06,,0.06,0.13,,0.13,kg,mass,,91.057,KBOB 2016,Alle > RESSOURCEN > kbob.admin.ch > KBOB / ecobau / IPB 2009/1:2016,60
"91.058 Entsorgungsmix Sperrholz, Aussenanwendung (KBOB.2016)","91.058 Entsorgungsmix Sperrholz, Aussenanwendung (KBOB.2016)",,,,OTHER_RESOURCE,OTHER_RESOURCE_DISPOSAL_CONSTRUCTION_MATERIAL,,80,,80,0.00,,0.00,0.05,,0.05,0.11,,0.11,kg,mass,,91.058,KBOB 2016,Alle > RESSOURCEN > kbob.admin.ch > KBOB / ecobau / IPB 2009/1:2016,60
"91.059 Entsorgungsmix, Backstein (KBOB.2016)","91.059 Entsorgungsmix, Backstein (KBOB.2016)",,,,OTHER_RESOURCE,OTHER_RESOURCE_DISPOSAL_CONSTRUCTION_MATERIAL,,26,,26,0.00,,0.00,0.05,,0.05,0.01,,0.01,kg,mass,,91.059,KBOB 2016,Alle > RESSOURCEN > kbob.admin.ch > KBOB / ecobau / IPB 2009/1:2016,60
"91.060 Entsorgungsmix, Beton bewehrt (KBOB.2016)","91.060 Entsorgungsmix, Beton bewehrt (KBOB.2016)",,,,OTHER_RESOURCE,OTHER_RESOURCE_DISPOSAL_CONSTRUCTION_MATERIAL,,27,,27,0.00,,0.00,0.05,,0.05,0.01,,0.01,kg,mass,,91.060,KBOB 2016,Alle > RESSOURCEN > kbob.admin.ch > KBOB / ecobau / IPB 2009/1:2016,60
"91.061 Entsorgungsmix, Beton unbewehrt (KBOB.2016)","91.061 Entsorgungsmix, Beton unbewehrt (KBOB.2016)",,,,OTHER_RESOURCE,OTHER_RESOURCE_DISPOSAL_CONSTRUCTION_MATERIAL,,25,,25,0.00,,0.00,0.05,,0.05,0.01,,0.01,kg,mass,,91.061,KBOB 2016,Alle > RESSOURCEN > kbob.admin.ch > KBOB / ecobau / IPB 2009/1:2016,60
"91.062 Entsorgungsmix, Betonkies (KBOB.2016)","91.062 Entsorgungsmix, Betonkies (KBOB.2016)",,,,OTHER_RESOURCE,OTHER_RESOURCE_DISPOSAL_CONSTRUCTION_MATERIAL,,25,,25,0.00,,0.00,0.05,,0.05,0.01,,0.01,kg,mass,,91.062,KBOB 2016,Alle > RESSOURCEN > kbob.admin.ch > KBOB / ecobau / IPB 2009/1:2016,60
"91.063 Entsorgungsmix, Gipsfaserplatte (KBOB.2016)","91.063 Entsorgungsmix, Gipsfaserplatte (KBOB.2016)",,,,OTHER_RESOURCE,OTHER_RESOURCE_DISPOSAL_CONSTRUCTION_MATERIAL,,18,,18,0.00,,0.00,0.07,,0.07,0.01,,0.01,kg,mass,,91.063,KBOB 2016,Alle > RESSOURCEN > kbob.admin.ch > KBOB / ecobau / IPB 2009/1:2016,60
"91.064 Entsorgungsmix, Gipskartonplatte (KBOB.2016)","91.064 Entsorgungsmix, Gipskartonplatte (KBOB.2016)",,,,OTHER_RESOURCE,OTHER_RESOURCE_DISPOSAL_CONSTRUCTION_MATERIAL,,17,,17,0.00,,0.00,0.06,,0.06,0.01,,0.01,kg,mass,,91.064,KBOB 2016,Alle > RESSOURCEN > kbob.admin.ch > KBOB / ecobau / IPB 2009/1:2016,60
"91.065 Entsorgungsmix, Kalksandstein (KBOB.2016)","91.065 Entsorgungsmix, Kalksandstein (KBOB.2016)",,,,OTHER_RESOURCE,OTHER_RESOURCE_DISPOSAL_CONSTRUCTION_MATERIAL,,25,,25,0.00,,0.00,0.05,,0.05,0.01,,0.01,kg,mass,,91.065,KBOB 2016,Alle > RESSOURCEN > kbob.admin.ch > KBOB / ecobau / IPB 2009/1:2016,60
"91.066 Entsorgungsmix, Kunststoffputz (KBOB.2016)","91.066 Entsorgungsmix, Kunststoffputz (KBOB.2016)",,,,OTHER_RESOURCE,OTHER_RESOURCE_DISPOSAL_CONSTRUCTION_MATERIAL,,20,,20,0.00,,0.00,0.03,,0.03,0.00,,0.00,kg,mass,,91.066,KBOB 2016,Alle > RESSOURCEN > kbob.admin.ch > KBOB / ecobau / IPB 2009/1:2016,60
"91.067 Entsorgungsmix, Mineralischer Putz (KBOB.2016)","91.067 Entsorgungsmix, Mineralischer Putz (KBOB.2016)",,,,OTHER_RESOURCE,OTHER_RESOURCE_DISPOSAL_CONSTRUCTION_MATERIAL,,19,,19,0.00,,0.00,0.03,,0.03,0.00,,0.00,kg,mass,,91.067,KBOB 2016,Alle > RESSOURCEN > kbob.admin.ch > KBOB / ecobau / IPB 2009/1:2016,60
"91.068 Entsorgungsmix, Sand (KBOB.2016)","91.068 Entsorgungsmix, Sand (KBOB.2016)",,,,OTHER_RESOURCE,OTHER_RESOURCE_DISPOSAL_CONSTRUCTION_MATERIAL,,30,,30,0.00,,0.00,0.06,,0.06,0.01,,0.01,kg,mass,,91.068,KBOB 2016,Alle > RESSOURCEN > kbob.admin.ch > KBOB / ecobau / IPB 2009/1:2016,60
"91.069 Entsorgungsmix, Gips-Wandbauplatte / Vollgipsplatte (KBOB.2016)","91.069 Entsorgungsmix, Gips-Wandbauplatte / Vollgipsplatte (KBOB.2016)",,,,OTHER_RESOURCE,OTHER_RESOURCE_DISPOSAL_CONSTRUCTION_MATERIAL,,17,,17,0.00,,0.00,0.06,,0.06,0.01,,0.01,kg,mass,,91.069,KBOB 2016,Alle > RESSOURCEN > kbob.admin.ch > KBOB / ecobau / IPB 2009/1:2016,60
"91.070 Entsorgungsmix, Zement (in Beton) und Mauermörtel (KBOB.2016)","91.070 Entsorgungsmix, Zement (in Beton) und Mauermörtel (KBOB.2016)",,,,OTHER_RESOURCE,OTHER_RESOURCE_DISPOSAL_CONSTRUCTION_MATERIAL,,27,,27,0.00,,0.00,0.05,,0.05,0.01,,0.01,kg,mass,,91.070,KBOB 2016,Alle > RESSOURCEN > kbob.admin.ch > KBOB / ecobau / IPB 2009/1:2016,60
"91.073 Entsorgungsmix, Hanfbeton (KBOB.2016)","91.073 Entsorgungsmix, Hanfbeton (KBOB.2016)",,,,OTHER_RESOURCE,OTHER_RESOURCE_DISPOSAL_CONSTRUCTION_MATERIAL,,1,,1,0.00,,0.00,0.00,,0.00,0.00,,0.00,kg,mass,,91.073,KBOB 2016,Alle > RESSOURCEN > kbob.admin.ch > KBOB / ecobau / IPB 2009/1:2016,60
"91.074 Entsorgung, Baugrubensicherung, Bohrpfahlwand, gespriesst (KBOB.2016)","91.074 Entsorgung, Baugrubensicherung, Bohrpfahlwand, gespriesst (KBOB.2016)",,,,OTHER_RESOURCE,OTHER_RESOURCE_DISPOSAL_CONSTRUCTION_MATERIAL,,130000,,130000,9.57,,9.57,258.00,,258.00,50.20,,50.20,m2,area,,91.074,KBOB 2016,Alle > RESSOURCEN > kbob.admin.ch > KBOB / ecobau / IPB 2009/1:2016,60
"91.075 Entsorgung, Baugrubensicherung, Bohrpfahlwand, unverankert (KBOB.2016)","91.075 Entsorgung, Baugrubensicherung, Bohrpfahlwand, unverankert (KBOB.2016)",,,,OTHER_RESOURCE,OTHER_RESOURCE_DISPOSAL_CONSTRUCTION_MATERIAL,,130000,,130000,9.57,,9.57,258.00,,258.00,50.20,,50.20,m2,area,,91.075,KBOB 2016,Alle > RESSOURCEN > kbob.admin.ch > KBOB / ecobau / IPB 2009/1:2016,60
"91.076 Entsorgung, Baugrubensicherung, Bohrpfahlwand, verankert (KBOB.2016)","91.076 Entsorgung, Baugrubensicherung, Bohrpfahlwand, verankert (KBOB.2016)",,,,OTHER_RESOURCE,OTHER_RESOURCE_DISPOSAL_CONSTRUCTION_MATERIAL,,86200,,86200,6.32,,6.32,170.00,,170.00,33.10,,33.10,m2,area,,91.076,KBOB 2016,Alle > RESSOURCEN > kbob.admin.ch > KBOB / ecobau / IPB 2009/1:2016,60
"91.077 Entsorgung, Baugrubensicherung, Nagelwand (KBOB.2016)","91.077 Entsorgung, Baugrubensicherung, Nagelwand (KBOB.2016)",,,,OTHER_RESOURCE,OTHER_RESOURCE_DISPOSAL_CONSTRUCTION_MATERIAL,,18900,,18900,1.39,,1.39,37.50,,37.50,7.28,,7.28,m2,area,,91.077,KBOB 2016,Alle > RESSOURCEN > kbob.admin.ch > KBOB / ecobau / IPB 2009/1:2016,60
"91.078 Entsorgung, Baugrubensicherung, Rühlwand, auskragend (KBOB.2016)","91.078 Entsorgung, Baugrubensicherung, Rühlwand, auskragend (KBOB.2016)",,,,OTHER_RESOURCE,OTHER_RESOURCE_DISPOSAL_CONSTRUCTION_MATERIAL,,30100,,30100,2.20,,2.20,59.50,,59.50,11.60,,11.60,m2,area,,91.078,KBOB 2016,Alle > RESSOURCEN > kbob.admin.ch > KBOB / ecobau / IPB 2009/1:2016,60
"91.079 Entsorgung, Baugrubensicherung, Rühlwand, gespriesst (KBOB.2016)","91.079 Entsorgung, Baugrubensicherung, Rühlwand, gespriesst (KBOB.2016)",,,,OTHER_RESOURCE,OTHER_RESOURCE_DISPOSAL_CONSTRUCTION_MATERIAL,,17800,,17800,1.31,,1.31,35.20,,35.20,6.84,,6.84,m2,area,,91.079,KBOB 2016,Alle > RESSOURCEN > kbob.admin.ch > KBOB / ecobau / IPB 2009/1:2016,60
"91.080 Entsorgung, Baugrubensicherung, Rühlwand, verankert (KBOB.2016)","91.080 Entsorgung, Baugrubensicherung, Rühlwand, verankert (KBOB.2016)",,,,OTHER_RESOURCE,OTHER_RESOURCE_DISPOSAL_CONSTRUCTION_MATERIAL,,20600,,20600,1.51,,1.51,40.70,,40.70,7.90,,7.90,m2,area,,91.080,KBOB 2016,Alle > RESSOURCEN > kbob.admin.ch > KBOB / ecobau / IPB 2009/1:2016,60
"91.081 Entsorgung, Baugrubensicherung, Schlitzwand, 400 mm (KBOB.2016)","91.081 Entsorgung, Baugrubensicherung, Schlitzwand, 400 mm (KBOB.2016)",,,,OTHER_RESOURCE,OTHER_RESOURCE_DISPOSAL_CONSTRUCTION_MATERIAL,,65500,,65500,4.76,,4.76,130.00,,130.00,25.20,,25.20,m2,area,,91.081,KBOB 2016,Alle > RESSOURCEN > kbob.admin.ch > KBOB / ecobau / IPB 2009/1:2016,60
"91.082 Entsorgung, Baugrubensicherung, Schlitzwand, 800 mm (KBOB.2016)","91.082 Entsorgung, Baugrubensicherung, Schlitzwand, 800 mm (KBOB.2016)",,,,OTHER_RESOURCE,OTHER_RESOURCE_DISPOSAL_CONSTRUCTION_MATERIAL,,129000,,129000,9.43,,9.43,256.00,,256.00,49.60,,49.60,m2,area,,91.082,KBOB 2016,Alle > RESSOURCEN > kbob.admin.ch > KBOB / ecobau / IPB 2009/1:2016,60
"91.083 Entsorgung, Baugrubensicherung, Spundwand, auskragend (KBOB.2016)","91.083 Entsorgung, Baugrubensicherung, Spundwand, auskragend (KBOB.2016)",,,,OTHER_RESOURCE,OTHER_RESOURCE_DISPOSAL_CONSTRUCTION_MATERIAL,,0,,0,0.00,,0.00,0.00,,0.00,0.00,,0.00,m2,area,,91.083,KBOB 2016,Alle > RESSOURCEN > kbob.admin.ch > KBOB / ecobau / IPB 2009/1:2016,60
"91.084 Entsorgung, Baugrubensicherung, Spundwand, gespriesst (KBOB.2016)","91.084 Entsorgung, Baugrubensicherung, Spundwand, gespriesst (KBOB.2016)",,,,OTHER_RESOURCE,OTHER_RESOURCE_DISPOSAL_CONSTRUCTION_MATERIAL,,0,,0,0.00,,0.00,0.00,,0.00,0.00,,0.00,m2,area,,91.084,KBOB 2016,Alle > RESSOURCEN > kbob.admin.ch > KBOB / ecobau / IPB 2009/1:2016,60
"91.085 Entsorgung, Baugrubensicherung, Spundwand, verankert (KBOB.2016)","91.085 Entsorgung, Baugrubensicherung, Spundwand, verankert (KBOB.2016)",,,,OTHER_RESOURCE,OTHER_RESOURCE_DISPOSAL_CONSTRUCTION_MATERIAL,,0,,0,0.00,,0.00,0.00,,0.00,0.00,,0.00,m2,area,,91.085,KBOB 2016,Alle > RESSOURCEN > kbob.admin.ch > KBOB / ecobau / IPB 2009/1:2016,60
"91.086 Entsorgung, Tiefgründung, Mikrobohrpfahl (KBOB.2016)","91.086 Entsorgung, Tiefgründung, Mikrobohrpfahl (KBOB.2016)",,,,OTHER_RESOURCE,OTHER_RESOURCE_DISPOSAL_CONSTRUCTION_MATERIAL,,0,,0,0.00,,0.00,0.00,,0.00,0.00,,0.00,m,probeLength,,91.086,KBOB 2016,Alle > RESSOURCEN > kbob.admin.ch > KBOB / ecobau / IPB 2009/1:2016,60
"91.087 Entsorgung, Tiefgründung, Ortbetonbohrpfahl, 700 mm (KBOB.2016)","91.087 Entsorgung, Tiefgründung, Ortbetonbohrpfahl, 700 mm (KBOB.2016)",,,,OTHER_RESOURCE,OTHER_RESOURCE_DISPOSAL_CONSTRUCTION_MATERIAL,,0,,0,0.00,,0.00,0.00,,0.00,0.00,,0.00,m,probeLength,,91.087,KBOB 2016,Alle > RESSOURCEN > kbob.admin.ch > KBOB / ecobau / IPB 2009/1:2016,60
"91.088 Entsorgung, Tiefgründung, Ortbetonbohrpfahl, 900 mm (KBOB.2016)","91.088 Entsorgung, Tiefgründung, Ortbetonbohrpfahl, 900 mm (KBOB.2016)",,,,OTHER_RESOURCE,OTHER_RESOURCE_DISPOSAL_CONSTRUCTION_MATERIAL,,0,,0,0.00,,0.00,0.00,,0.00,0.00,,0.00,m,probeLength,,91.088,KBOB 2016,Alle > RESSOURCEN > kbob.admin.ch > KBOB / ecobau / IPB 2009/1:2016,60
"91.089 Entsorgung, Tiefgründung, Ortbetonbohrpfahl, 1200 mm (KBOB.2016)","91.089 Entsorgung, Tiefgründung, Ortbetonbohrpfahl, 1200 mm (KBOB.2016)",,,,OTHER_RESOURCE,OTHER_RESOURCE_DISPOSAL_CONSTRUCTION_MATERIAL,,0,,0,0.00,,0.00,0.00,,0.00,0.00,,0.00,m,probeLength,,91.089,KBOB 2016,Alle > RESSOURCEN > kbob.admin.ch > KBOB / ecobau / IPB 2009/1:2016,60
"91.090 Entsorgung, Tiefgründung, Ortbetonverdrängungspfahl 560/480 mm (KBOB.2016)","91.090 Entsorgung, Tiefgründung, Ortbetonverdrängungspfahl 560/480 mm (KBOB.2016)",,,,OTHER_RESOURCE,OTHER_RESOURCE_DISPOSAL_CONSTRUCTION_MATERIAL,,0,,0,0.00,,0.00,0.00,,0.00,0.00,,0.00,m,probeLength,,91.090,KBOB 2016,Alle > RESSOURCEN > kbob.admin.ch > KBOB / ecobau / IPB 2009/1:2016,60
"91.091 Entsorgung, Tiefgründung, Ortbetonverdrängungspfahl 660/580 mm (KBOB.2016)","91.091 Entsorgung, Tiefgründung, Ortbetonverdrängungspfahl 660/580 mm (KBOB.2016)",,,,OTHER_RESOURCE,OTHER_RESOURCE_DISPOSAL_CONSTRUCTION_MATERIAL,,0,,0,0.00,,0.00,0.00,,0.00,0.00,,0.00,m,probeLength,,91.091,KBOB 2016,Alle > RESSOURCEN > kbob.admin.ch > KBOB / ecobau / IPB 2009/1:2016,60
"91.092 Entsorgung, Tiefgründung, Rüttelstopfsäule (KBOB.2016)","91.092 Entsorgung, Tiefgründung, Rüttelstopfsäule (KBOB.2016)",,,,OTHER_RESOURCE,OTHER_RESOURCE_DISPOSAL_CONSTRUCTION_MATERIAL,,0,,0,0.00,,0.00,0.00,,0.00,0.00,,0.00,m,probeLength,,91.092,KBOB 2016,Alle > RESSOURCEN > kbob.admin.ch > KBOB / ecobau / IPB 2009/1:2016,60
"91.093 Entsorgung, Tiefgründung, Vorgefertigter Betonpfahl (KBOB.2016)","91.093 Entsorgung, Tiefgründung, Vorgefertigter Betonpfahl (KBOB.2016)",,,,OTHER_RESOURCE,OTHER_RESOURCE_DISPOSAL_CONSTRUCTION_MATERIAL,,0,,0,0.00,,0.00,0.00,,0.00,0.00,,0.00,m,probeLength,,91.093,KBOB 2016,Alle > RESSOURCEN > kbob.admin.ch > KBOB / ecobau / IPB 2009/1:2016,60
"91.094 Entsorgung, Wasserhaltung, Pumphöhe 2.5 m (KBOB.2016)","91.094 Entsorgung, Wasserhaltung, Pumphöhe 2.5 m (KBOB.2016)",,,,OTHER_RESOURCE,OTHER_RESOURCE_DISPOSAL_CONSTRUCTION_MATERIAL,,0,,0,0.00,,0.00,0.00,,0.00,0.00,,0.00,m3,volume,,91.094,KBOB 2016,Alle > RESSOURCEN > kbob.admin.ch > KBOB / ecobau / IPB 2009/1:2016,60
"91.095 Entsorgung, Wasserhaltung, Pumphöhe 5 m (KBOB.2016)","91.095 Entsorgung, Wasserhaltung, Pumphöhe 5 m (KBOB.2016)",,,,OTHER_RESOURCE,OTHER_RESOURCE_DISPOSAL_CONSTRUCTION_MATERIAL,,0,,0,0.00,,0.00,0.00,,0.00,0.00,,0.00,m3,volume,,91.095,KBOB 2016,Alle > RESSOURCEN > kbob.admin.ch > KBOB / ecobau / IPB 2009/1:2016,60
"91.096 Entsorgung, Wasserhaltung, Pumphöhe 7.5 m (KBOB.2016)","91.096 Entsorgung, Wasserhaltung, Pumphöhe 7.5 m (KBOB.2016)",,,,OTHER_RESOURCE,OTHER_RESOURCE_DISPOSAL_CONSTRUCTION_MATERIAL,,0,,0,0.00,,0.00,0.00,,0.00,0.00,,0.00,m3,volume,,91.096,KBOB 2016,Alle > RESSOURCEN > kbob.admin.ch > KBOB / ecobau / IPB 2009/1:2016,60
"91.097 Entsorgung, Wasserhaltung, Pumphöhe 10 m (KBOB.2016)","91.097 Entsorgung, Wasserhaltung, Pumphöhe 10 m (KBOB.2016)",,,,OTHER_RESOURCE,OTHER_RESOURCE_DISPOSAL_CONSTRUCTION_MATERIAL,,0,,0,0.00,,0.00,0.00,,0.00,0.00,,0.00,m3,volume,,91.097,KBOB 2016,Alle > RESSOURCEN > kbob.admin.ch > KBOB / ecobau / IPB 2009/1:2016,60
"91.098 Entsorgungsmix, Gips-Kalk-Putz (KBOB.2016)","91.098 Entsorgungsmix, Gips-Kalk-Putz (KBOB.2016)",,,,OTHER_RESOURCE,OTHER_RESOURCE_DISPOSAL_CONSTRUCTION_MATERIAL,,17,,17,0.00,,0.00,0.06,,0.06,0.01,,0.01,kg,mass,,91.098,KBOB 2016,Alle > RESSOURCEN > kbob.admin.ch > KBOB / ecobau / IPB 2009/1:2016,60
"91.099 Entsorgungsmix, Gips-/Weissputz (KBOB.2016)","91.099 Entsorgungsmix, Gips-/Weissputz (KBOB.2016)",,,,OTHER_RESOURCE,OTHER_RESOURCE_DISPOSAL_CONSTRUCTION_MATERIAL,,17,,17,0.00,,0.00,0.06,,0.06,0.01,,0.01,kg,mass,,91.099,KBOB 2016,Alle > RESSOURCEN > kbob.admin.ch > KBOB / ecobau / IPB 2009/1:2016,60
"91.100 Entsorgungsmix, Putz, ausgehärtet (KBOB.2016)","91.100 Entsorgungsmix, Putz, ausgehärtet (KBOB.2016)",,,,OTHER_RESOURCE,OTHER_RESOURCE_DISPOSAL_CONSTRUCTION_MATERIAL,,17,,17,0.00,,0.00,0.06,,0.06,0.01,,0.01,kg,mass,,91.100,KBOB 2016,Alle > RESSOURCEN > kbob.admin.ch > KBOB / ecobau / IPB 2009/1:2016,60
"91.101 Entsorgungsmix, Unterlagsboden Anhydrit, 60 mm (KBOB.2016)","91.101 Entsorgungsmix, Unterlagsboden Anhydrit, 60 mm (KBOB.2016)",,,,OTHER_RESOURCE,OTHER_RESOURCE_DISPOSAL_CONSTRUCTION_MATERIAL,,19,,19,0.00,,0.00,0.07,,0.07,0.01,,0.01,kg,mass,,91.101,KBOB 2016,Alle > RESSOURCEN > kbob.admin.ch > KBOB / ecobau / IPB 2009/1:2016,60
"91.102 Entsorgungsmix, Unterlagsboden Zement, 85 mm (KBOB.2016)","91.102 Entsorgungsmix, Unterlagsboden Zement, 85 mm (KBOB.2016)",,,,OTHER_RESOURCE,OTHER_RESOURCE_DISPOSAL_CONSTRUCTION_MATERIAL,,17,,17,0.00,,0.00,0.06,,0.06,0.01,,0.01,kg,mass,,91.102,KBOB 2016,Alle > RESSOURCEN > kbob.admin.ch > KBOB / ecobau / IPB 2009/1:2016,60
"91.103 Entsorgungsmix, Aluverbund, Fassadenplatte 4 mm (KBOB.2016)","91.103 Entsorgungsmix, Aluverbund, Fassadenplatte 4 mm (KBOB.2016)",,,,OTHER_RESOURCE,OTHER_RESOURCE_DISPOSAL_CONSTRUCTION_MATERIAL,,4240,,4240,0.01,,0.01,0.53,,0.53,8.58,,8.58,m2,area,,91.103,KBOB 2016,Alle > RESSOURCEN > kbob.admin.ch > KBOB / ecobau / IPB 2009/1:2016,60
"91.104 Entsorgungsmix, Ausstellstoren motorisiert (KBOB.2016)","91.104 Entsorgungsmix, Ausstellstoren motorisiert (KBOB.2016)",,,,OTHER_RESOURCE,OTHER_RESOURCE_DISPOSAL_CONSTRUCTION_MATERIAL,,831,,831,0.03,,0.03,0.45,,0.45,1.48,,1.48,m2,area,,91.104,KBOB 2016,Alle > RESSOURCEN > kbob.admin.ch > KBOB / ecobau / IPB 2009/1:2016,60
"91.105 Entsorgungsmix, Fensterrahmen Aluminium (KBOB.2016)","91.105 Entsorgungsmix, Fensterrahmen Aluminium (KBOB.2016)",,,,OTHER_RESOURCE,OTHER_RESOURCE_DISPOSAL_CONSTRUCTION_MATERIAL,,18600,,18600,0.12,,0.12,3.42,,3.42,36.10,,36.10,m2,area,,91.105,KBOB 2016,Alle > RESSOURCEN > kbob.admin.ch > KBOB / ecobau / IPB 2009/1:2016,60
"91.105.01 Entsorgungsmix, Fensterrahmen Aluminium, WICLINE 75evo (KBOB.2016)","91.105.01 Entsorgungsmix, Fensterrahmen Aluminium, WICLINE 75evo (KBOB.2016)",,,,OTHER_RESOURCE,OTHER_RESOURCE_DISPOSAL_CONSTRUCTION_MATERIAL,,10900,,10900,0.05,,0.05,1.59,,1.59,21.40,,21.40,m2,area,,91.105,KBOB 2016,Alle > RESSOURCEN > kbob.admin.ch > KBOB / ecobau / IPB 2009/1:2016,60
"91.106 Entsorgung, HPL-Fassadenplatten, in Kehrichtverbrennung (KBOB.2016)","91.106 Entsorgung, HPL-Fassadenplatten, in Kehrichtverbrennung (KBOB.2016)",,,,OTHER_RESOURCE,OTHER_RESOURCE_DISPOSAL_CONSTRUCTION_MATERIAL,,6310,,6310,0.04,,0.04,1.82,,1.82,11.10,,11.10,m2,area,,91.106,KBOB 2016,Alle > RESSOURCEN > kbob.admin.ch > KBOB / ecobau / IPB 2009/1:2016,60
"91.107 Entsorgungsmix, Isolierverglasung 2-fach, Ug-Wert 1.1 W/m2K, Dicke 18 mm (KBOB.2016)","91.107 Entsorgungsmix, Isolierverglasung 2-fach, Ug-Wert 1.1 W/m2K, Dicke 18 mm (KBOB.2016)",,,,OTHER_RESOURCE,OTHER_RESOURCE_DISPOSAL_CONSTRUCTION_MATERIAL,,1730,,1730,0.02,,0.02,1.30,,1.30,2.98,,2.98,m2,area,,91.107,KBOB 2016,Alle > RESSOURCEN > kbob.admin.ch > KBOB / ecobau / IPB 2009/1:2016,60
"91.108 Entsorgungsmix, Isolierverglasung 2-fach, ESG, Ug-Wert 1.1 W/m2K (KBOB.2016)","91.108 Entsorgungsmix, Isolierverglasung 2-fach, ESG, Ug-Wert 1.1 W/m2K (KBOB.2016)",,,,OTHER_RESOURCE,OTHER_RESOURCE_DISPOSAL_CONSTRUCTION_MATERIAL,,2180,,2180,0.02,,0.02,1.35,,1.35,3.88,,3.88,m2,area,,91.108,KBOB 2016,Alle > RESSOURCEN > kbob.admin.ch > KBOB / ecobau / IPB 2009/1:2016,60
"91.109 Entsorgungsmix, Isolierverglasung 2-fach, ESG/VSG, Ug-Wert 1.1 W/m2K (KBOB.2016)","91.109 Entsorgungsmix, Isolierverglasung 2-fach, ESG/VSG, Ug-Wert 1.1 W/m2K (KBOB.2016)",,,,OTHER_RESOURCE,OTHER_RESOURCE_DISPOSAL_CONSTRUCTION_MATERIAL,,3900,,3900,0.02,,0.02,2.05,,2.05,7.16,,7.16,m2,area,,91.109,KBOB 2016,Alle > RESSOURCEN > kbob.admin.ch > KBOB / ecobau / IPB 2009/1:2016,60
"91.110 Entsorgungsmix, Isolierverglasung 3-fach, Ug-Wert 0.6 W/m2K, Dicke 40 mm (KBOB.2016)","91.110 Entsorgungsmix, Isolierverglasung 3-fach, Ug-Wert 0.6 W/m2K, Dicke 40 mm (KBOB.2016)",,,,OTHER_RESOURCE,OTHER_RESOURCE_DISPOSAL_CONSTRUCTION_MATERIAL,,3450,,3450,0.03,,0.03,2.04,,2.04,6.16,,6.16,m2,area,,91.110,KBOB 2016,Alle > RESSOURCEN > kbob.admin.ch > KBOB / ecobau / IPB 2009/1:2016,60
"91.111 Entsorgungsmix, Isolierverglasung 3-fach, ESG/ESG, Ug-Wert 0.6 W/m2K (KBOB.2016)","91.111 Entsorgungsmix, Isolierverglasung 3-fach, ESG/ESG, Ug-Wert 0.6 W/m2K (KBOB.2016)",,,,OTHER_RESOURCE,OTHER_RESOURCE_DISPOSAL_CONSTRUCTION_MATERIAL,,3450,,3450,0.03,,0.03,2.04,,2.04,6.16,,6.16,m2,area,,91.111,KBOB 2016,Alle > RESSOURCEN > kbob.admin.ch > KBOB / ecobau / IPB 2009/1:2016,60
"91.112 Entsorgungsmix, Isolierverglasung 3-fach, ESG/ESG/ESG, Ug-Wert 0.6 W/m2K (KBOB.2016)","91.112 Entsorgungsmix, Isolierverglasung 3-fach, ESG/ESG/ESG, Ug-Wert 0.6 W/m2K (KBOB.2016)",,,,OTHER_RESOURCE,OTHER_RESOURCE_DISPOSAL_CONSTRUCTION_MATERIAL,,3450,,3450,0.03,,0.03,2.04,,2.04,6.16,,6.16,m2,area,,91.112,KBOB 2016,Alle > RESSOURCEN > kbob.admin.ch > KBOB / ecobau / IPB 2009/1:2016,60
"91.113 Entsorgungsmix, Isolierverglasung 3-fach, VSG, Ug-Wert 0.6 W/m2K (KBOB.2016)","91.113 Entsorgungsmix, Isolierverglasung 3-fach, VSG, Ug-Wert 0.6 W/m2K (KBOB.2016)",,,,OTHER_RESOURCE,OTHER_RESOURCE_DISPOSAL_CONSTRUCTION_MATERIAL,,5170,,5170,0.03,,0.03,2.74,,2.74,9.45,,9.45,m2,area,,91.113,KBOB 2016,Alle > RESSOURCEN > kbob.admin.ch > KBOB / ecobau / IPB 2009/1:2016,60
"91.114 Entsorgungsmix, Isolierverglasung 3-fach, ESG/VSG, Ug-Wert 0.6 W/m2K (KBOB.2016)","91.114 Entsorgungsmix, Isolierverglasung 3-fach, ESG/VSG, Ug-Wert 0.6 W/m2K (KBOB.2016)",,,,OTHER_RESOURCE,OTHER_RESOURCE_DISPOSAL_CONSTRUCTION_MATERIAL,,5170,,5170,0.03,,0.03,2.74,,2.74,9.45,,9.45,m2,area,,91.114,KBOB 2016,Alle > RESSOURCEN > kbob.admin.ch > KBOB / ecobau / IPB 2009/1:2016,60
"91.115 Entsorgungsmix, Lamellenstoren motorisiert (KBOB.2016)","91.115 Entsorgungsmix, Lamellenstoren motorisiert (KBOB.2016)",,,,OTHER_RESOURCE,OTHER_RESOURCE_DISPOSAL_CONSTRUCTION_MATERIAL,,633,,633,0.03,,0.03,0.37,,0.37,1.11,,1.11,m2,area,,91.115,KBOB 2016,Alle > RESSOURCEN > kbob.admin.ch > KBOB / ecobau / IPB 2009/1:2016,60
"91.116 Entsorgungsmix, Putzträgerplatte kunstharzgebunden 13 mm (KBOB.2016)","91.116 Entsorgungsmix, Putzträgerplatte kunstharzgebunden 13 mm (KBOB.2016)",,,,OTHER_RESOURCE,OTHER_RESOURCE_DISPOSAL_CONSTRUCTION_MATERIAL,,108,,108,0.00,,0.00,0.40,,0.40,0.06,,0.06,m2,area,,91.116,KBOB 2016,Alle > RESSOURCEN > kbob.admin.ch > KBOB / ecobau / IPB 2009/1:2016,60
"91.117 Entsorgungsmix, Putzträgerplatte mineralisch gebunden 12.5 mm (KBOB.2016)","91.117 Entsorgungsmix, Putzträgerplatte mineralisch gebunden 12.5 mm (KBOB.2016)",,,,OTHER_RESOURCE,OTHER_RESOURCE_DISPOSAL_CONSTRUCTION_MATERIAL,,248,,248,0.01,,0.01,0.92,,0.92,0.13,,0.13,m2,area,,91.117,KBOB 2016,Alle > RESSOURCEN > kbob.admin.ch > KBOB / ecobau / IPB 2009/1:2016,60
"91.118 Entsorgungsmix, Rollladen motorisiert (KBOB.2016)","91.118 Entsorgungsmix, Rollladen motorisiert (KBOB.2016)",,,,OTHER_RESOURCE,OTHER_RESOURCE_DISPOSAL_CONSTRUCTION_MATERIAL,,284,,284,0.03,,0.03,0.37,,0.37,0.41,,0.41,m2,area,,91.118,KBOB 2016,Alle > RESSOURCEN > kbob.admin.ch > KBOB / ecobau / IPB 2009/1:2016,60
"91.119 Entsorgungsmix, Aerogel-Vlies (KBOB.2016)","91.119 Entsorgungsmix, Aerogel-Vlies (KBOB.2016)",,,,OTHER_RESOURCE,OTHER_RESOURCE_DISPOSAL_CONSTRUCTION_MATERIAL,,181,,181,0.00,,0.00,0.13,,0.13,0.30,,0.30,kg,mass,,91.119,KBOB 2016,Alle > RESSOURCEN > kbob.admin.ch > KBOB / ecobau / IPB 2009/1:2016,60
"91.120 Entsorgungsmix, Schaumglasschotter (KBOB.2016)","91.120 Entsorgungsmix, Schaumglasschotter (KBOB.2016)",,,,OTHER_RESOURCE,OTHER_RESOURCE_DISPOSAL_CONSTRUCTION_MATERIAL,,14,,14,0.00,,0.00,0.05,,0.05,0.01,,0.01,kg,mass,,91.120,KBOB 2016,Alle > RESSOURCEN > kbob.admin.ch > KBOB / ecobau / IPB 2009/1:2016,60
"91.121 Entsorgungsmix, Flachsfasern (KBOB.2016)","91.121 Entsorgungsmix, Flachsfasern (KBOB.2016)",,,,OTHER_RESOURCE,OTHER_RESOURCE_DISPOSAL_CONSTRUCTION_MATERIAL,,144,,144,0.00,,0.00,0.06,,0.06,0.22,,0.22,kg,mass,,91.121,KBOB 2016,Alle > RESSOURCEN > kbob.admin.ch > KBOB / ecobau / IPB 2009/1:2016,60
"91.122 Entsorgungsmix, Strohballenwand (KBOB.2016)","91.122 Entsorgungsmix, Strohballenwand (KBOB.2016)",,,,OTHER_RESOURCE,OTHER_RESOURCE_DISPOSAL_CONSTRUCTION_MATERIAL,,0,,0,0.00,,0.00,0.00,,0.00,0.00,,0.00,kg,mass,,91.122,KBOB 2016,Alle > RESSOURCEN > kbob.admin.ch > KBOB / ecobau / IPB 2009/1:2016,60
"91.123 Entsorgung, Abfalltrennsystem (KBOB.2016)","91.123 Entsorgung, Abfalltrennsystem (KBOB.2016)",,,,OTHER_RESOURCE,OTHER_RESOURCE_DISPOSAL_CONSTRUCTION_MATERIAL,,3770,,3770,0.01,,0.01,0.34,,0.34,7.68,,7.68,Stk.,device,,91.123,KBOB 2016,Alle > RESSOURCEN > kbob.admin.ch > KBOB / ecobau / IPB 2009/1:2016,60
"91.124 Entsorgung, Arbeitsplatte Chromstahl, Standard (KBOB.2016)","91.124 Entsorgung, Arbeitsplatte Chromstahl, Standard (KBOB.2016)",,,,OTHER_RESOURCE,OTHER_RESOURCE_DISPOSAL_CONSTRUCTION_MATERIAL,,1130,,1130,0.01,,0.01,0.75,,0.75,1.57,,1.57,m2,area,,91.124,KBOB 2016,Alle > RESSOURCEN > kbob.admin.ch > KBOB / ecobau / IPB 2009/1:2016,60
"91.125 Entsorgung, Arbeitsplatte Kompositwerkstoff (auf Aluminiumhydroxidbasis) (KBOB.2016)","91.125 Entsorgung, Arbeitsplatte Kompositwerkstoff (auf Aluminiumhydroxidbasis) (KBOB.2016)",,,,OTHER_RESOURCE,OTHER_RESOURCE_DISPOSAL_CONSTRUCTION_MATERIAL,,10200,,10200,0.03,,0.03,1.54,,1.54,16.90,,16.90,m2,area,,91.125,KBOB 2016,Alle > RESSOURCEN > kbob.admin.ch > KBOB / ecobau / IPB 2009/1:2016,60
"91.126 Entsorgung, Arbeitsplatte kunstharzbeschichtet (KBOB.2016)","91.126 Entsorgung, Arbeitsplatte kunstharzbeschichtet (KBOB.2016)",,,,OTHER_RESOURCE,OTHER_RESOURCE_DISPOSAL_CONSTRUCTION_MATERIAL,,1750,,1750,0.01,,0.01,0.79,,0.79,2.51,,2.51,m2,area,,91.126,KBOB 2016,Alle > RESSOURCEN > kbob.admin.ch > KBOB / ecobau / IPB 2009/1:2016,60
"91.127 Entsorgung, Arbeitsplatte Massivholz (KBOB.2016)","91.127 Entsorgung, Arbeitsplatte Massivholz (KBOB.2016)",,,,OTHER_RESOURCE,OTHER_RESOURCE_DISPOSAL_CONSTRUCTION_MATERIAL,,634,,634,0.01,,0.01,0.80,,0.80,0.24,,0.24,m2,area,,91.127,KBOB 2016,Alle > RESSOURCEN > kbob.admin.ch > KBOB / ecobau / IPB 2009/1:2016,60
"91.128 Entsorgung, Arbeitsplatte Naturstein (KBOB.2016)","91.128 Entsorgung, Arbeitsplatte Naturstein (KBOB.2016)",,,,OTHER_RESOURCE,OTHER_RESOURCE_DISPOSAL_CONSTRUCTION_MATERIAL,,2130,,2130,0.15,,0.15,4.17,,4.17,0.75,,0.75,m2,area,,91.128,KBOB 2016,Alle > RESSOURCEN > kbob.admin.ch > KBOB / ecobau / IPB 2009/1:2016,60
"91.129 Entsorgung, Dampfabzug (KBOB.2016)","91.129 Entsorgung, Dampfabzug (KBOB.2016)",,,,OTHER_RESOURCE,OTHER_RESOURCE_DISPOSAL_CONSTRUCTION_MATERIAL,,8630,,8630,0.03,,0.03,1.39,,1.39,17.10,,17.10,Stk.,device,,91.129,KBOB 2016,Alle > RESSOURCEN > kbob.admin.ch > KBOB / ecobau / IPB 2009/1:2016,60
"91.130 Entsorgung, Küche, Massivholz, 16-teilig (KBOB.2016)","91.130 Entsorgung, Küche, Massivholz, 16-teilig (KBOB.2016)",,,,OTHER_RESOURCE,OTHER_RESOURCE_DISPOSAL_CONSTRUCTION_MATERIAL,,45200,,45200,0.36,,0.36,22.30,,22.30,71.80,,71.80,Stk.,device,,91.130,KBOB 2016,Alle > RESSOURCEN > kbob.admin.ch > KBOB / ecobau / IPB 2009/1:2016,60
"91.131 Entsorgung, Küche, Metall, 16-teilig (KBOB.2016)","91.131 Entsorgung, Küche, Metall, 16-teilig (KBOB.2016)",,,,OTHER_RESOURCE,OTHER_RESOURCE_DISPOSAL_CONSTRUCTION_MATERIAL,,15200,,15200,0.06,,0.06,2.65,,2.65,29.60,,29.60,Stk.,device,,91.131,KBOB 2016,Alle > RESSOURCEN > kbob.admin.ch > KBOB / ecobau / IPB 2009/1:2016,60
"91.132 Entsorgung, Küche, Spanplatte, 16-teilig (KBOB.2016)","91.132 Entsorgung, Küche, Spanplatte, 16-teilig (KBOB.2016)",,,,OTHER_RESOURCE,OTHER_RESOURCE_DISPOSAL_CONSTRUCTION_MATERIAL,,77700,,77700,0.58,,0.58,36.00,,36.00,119.00,,119.00,Stk.,device,,91.132,KBOB 2016,Alle > RESSOURCEN > kbob.admin.ch > KBOB / ecobau / IPB 2009/1:2016,60
"91.133 Entsorgung, Spüle Chromstahl (KBOB.2016)","91.133 Entsorgung, Spüle Chromstahl (KBOB.2016)",,,,OTHER_RESOURCE,OTHER_RESOURCE_DISPOSAL_CONSTRUCTION_MATERIAL,,2240,,2240,0.00,,0.00,0.21,,0.21,4.57,,4.57,Stk.,device,,91.133,KBOB 2016,Alle > RESSOURCEN > kbob.admin.ch > KBOB / ecobau / IPB 2009/1:2016,60
"91.134 Entsorgung, Spüle Kompositwerkstoff (auf Gesteinsmehlbasis) (KBOB.2016)","91.134 Entsorgung, Spüle Kompositwerkstoff (auf Gesteinsmehlbasis) (KBOB.2016)",,,,OTHER_RESOURCE,OTHER_RESOURCE_DISPOSAL_CONSTRUCTION_MATERIAL,,4490,,4490,0.02,,0.02,1.11,,1.11,6.39,,6.39,Stk.,device,,91.134,KBOB 2016,Alle > RESSOURCEN > kbob.admin.ch > KBOB / ecobau / IPB 2009/1:2016,60
"91.135 Entsorgung, Fassade, Pfosten-Riegel, Alu/Glas (KBOB.2016)","91.135 Entsorgung, Fassade, Pfosten-Riegel, Alu/Glas (KBOB.2016)",,,,OTHER_RESOURCE,OTHER_RESOURCE_DISPOSAL_CONSTRUCTION_MATERIAL,,7250,,7250,0.10,,0.10,3.08,,3.08,13.50,,13.50,m2,area,,91.135,KBOB 2016,Alle > RESSOURCEN > kbob.admin.ch > KBOB / ecobau / IPB 2009/1:2016,60
"92.016 Entsorgung, Abgabe über Heizkörper (KBOB.2016)","92.016 Entsorgung, Abgabe über Heizkörper (KBOB.2016)",,,,OTHER_RESOURCE,OTHER_RESOURCE_DISPOSAL_BUILDING_TECHNOLOGY,,18,,18,0.00,,0.00,0.04,,0.04,0.02,,0.02,m2,area,,92.016,KBOB 2016,Alle > RESSOURCEN > kbob.admin.ch > KBOB / ecobau / IPB 2009/1:2016,60
"92.018 Entsorgung, Abgabe über Heizkühldecke (ohne Gips- oder Metalldecke) (KBOB.2016)","92.018 Entsorgung, Abgabe über Heizkühldecke (ohne Gips- oder Metalldecke) (KBOB.2016)",,,,OTHER_RESOURCE,OTHER_RESOURCE_DISPOSAL_BUILDING_TECHNOLOGY,,70,,70,0.00,,0.00,0.03,,0.03,0.13,,0.13,m2,area,,92.018,KBOB 2016,Alle > RESSOURCEN > kbob.admin.ch > KBOB / ecobau / IPB 2009/1:2016,60
"92.017 Entsorgung, Abgabe über Fussbodenheizung (KBOB.2016)","92.017 Entsorgung, Abgabe über Fussbodenheizung (KBOB.2016)",,,,OTHER_RESOURCE,OTHER_RESOURCE_DISPOSAL_BUILDING_TECHNOLOGY,,997,,997,0.00,,0.00,0.09,,0.09,2.04,,2.04,m2,area,,92.017,KBOB 2016,Alle > RESSOURCEN > kbob.admin.ch > KBOB / ecobau / IPB 2009/1:2016,60
"92.023 Entsorgung, Abluftanlage Küche und Bad (KBOB.2016)","92.023 Entsorgung, Abluftanlage Küche und Bad (KBOB.2016)",,,,OTHER_RESOURCE,OTHER_RESOURCE_DISPOSAL_BUILDING_TECHNOLOGY,,66,,66,0.00,,0.00,0.02,,0.02,0.13,,0.13,m2,area,,92.023,KBOB 2016,Alle > RESSOURCEN > kbob.admin.ch > KBOB / ecobau / IPB 2009/1:2016,60
"92.002 Entsorgung, Büro, aufwändige Installation, inkl. Apparate und Leitungen (KBOB.2016)","92.002 Entsorgung, Büro, aufwändige Installation, inkl. Apparate und Leitungen (KBOB.2016)",,,,OTHER_RESOURCE,OTHER_RESOURCE_DISPOSAL_BUILDING_TECHNOLOGY,,1950,,1950,0.01,,0.01,0.48,,0.48,3.76,,3.76,m2,area,,92.002,KBOB 2016,Alle > RESSOURCEN > kbob.admin.ch > KBOB / ecobau / IPB 2009/1:2016,60
"92.001 Entsorgung, Büro, einfache Installation, inkl. Apparate und Leitungen (KBOB.2016)","92.001 Entsorgung, Büro, einfache Installation, inkl. Apparate und Leitungen (KBOB.2016)",,,,OTHER_RESOURCE,OTHER_RESOURCE_DISPOSAL_BUILDING_TECHNOLOGY,,587,,587,0.00,,0.00,0.14,,0.14,1.15,,1.15,m2,area,,92.001,KBOB 2016,Alle > RESSOURCEN > kbob.admin.ch > KBOB / ecobau / IPB 2009/1:2016,60
"92.020 Entsorgung, Einzelraumlüfer Fenstermodell 10-30 m3/h, ohne Montage (KBOB.2016)","92.020 Entsorgung, Einzelraumlüfer Fenstermodell 10-30 m3/h, ohne Montage (KBOB.2016)",,,,OTHER_RESOURCE,OTHER_RESOURCE_DISPOSAL_BUILDING_TECHNOLOGY,,3260,,3260,0.08,,0.08,1.41,,1.41,5.48,,5.48,Stk.,device,,92.020,KBOB 2016,Alle > RESSOURCEN > kbob.admin.ch > KBOB / ecobau / IPB 2009/1:2016,60
"92.004 Entsorgung, Elektroanlagen Wohnen (KBOB.2016)","92.004 Entsorgung, Elektroanlagen Wohnen (KBOB.2016)",,,,OTHER_RESOURCE,OTHER_RESOURCE_DISPOSAL_BUILDING_TECHNOLOGY,,1820,,1820,0.06,,0.06,0.76,,0.76,3.40,,3.40,m2,area,,92.004,KBOB 2016,Alle > RESSOURCEN > kbob.admin.ch > KBOB / ecobau / IPB 2009/1:2016,60
"92.005 Entsorgung, Elektroanlagen Büro (KBOB.2016)","92.005 Entsorgung, Elektroanlagen Büro (KBOB.2016)",,,,OTHER_RESOURCE,OTHER_RESOURCE_DISPOSAL_BUILDING_TECHNOLOGY,,900,,900,0.05,,0.05,0.83,,0.83,1.45,,1.45,m2,area,,92.005,KBOB 2016,Alle > RESSOURCEN > kbob.admin.ch > KBOB / ecobau / IPB 2009/1:2016,60
"92.025 Entsorgung, Erdregister kurz zu Lüftungsanlage Büro (0.27 m/m2 EBF) (KBOB.2016)","92.025 Entsorgung, Erdregister kurz zu Lüftungsanlage Büro (0.27 m/m2 EBF) (KBOB.2016)",,,,OTHER_RESOURCE,OTHER_RESOURCE_DISPOSAL_BUILDING_TECHNOLOGY,,2300,,2300,0.09,,0.09,2.22,,2.22,2.82,,2.82,m2,area,,92.025,KBOB 2016,Alle > RESSOURCEN > kbob.admin.ch > KBOB / ecobau / IPB 2009/1:2016,60
"92.026 Entsorgung, Erdregister lang zu Lüftungsanlage Büro (0.67 m/m2 EBF) (KBOB.2016)","92.026 Entsorgung, Erdregister lang zu Lüftungsanlage Büro (0.67 m/m2 EBF) (KBOB.2016)",,,,OTHER_RESOURCE,OTHER_RESOURCE_DISPOSAL_BUILDING_TECHNOLOGY,,5760,,5760,0.22,,0.22,5.54,,5.54,7.05,,7.05,m2,area,,92.026,KBOB 2016,Alle > RESSOURCEN > kbob.admin.ch > KBOB / ecobau / IPB 2009/1:2016,60
"92.024 Entsorgung, Erdregister zu Lüftungsanlage Wohnen (KBOB.2016)","92.024 Entsorgung, Erdregister zu Lüftungsanlage Wohnen (KBOB.2016)",,,,OTHER_RESOURCE,OTHER_RESOURCE_DISPOSAL_BUILDING_TECHNOLOGY,,1330,,1330,0.05,,0.05,1.28,,1.28,1.63,,1.63,m2,area,,92.024,KBOB 2016,Alle > RESSOURCEN > kbob.admin.ch > KBOB / ecobau / IPB 2009/1:2016,60
"92.009 Entsorgung, Erdsonden, für Sole-Wasser-Wärmepumpe (KBOB.2016)","92.009 Entsorgung, Erdsonden, für Sole-Wasser-Wärmepumpe (KBOB.2016)",,,,OTHER_RESOURCE,OTHER_RESOURCE_DISPOSAL_BUILDING_TECHNOLOGY,,4100,,4100,0.26,,0.26,1.48,,1.48,2.73,,2.73,m,probeLength,,92.009,KBOB 2016,Alle > RESSOURCEN > kbob.admin.ch > KBOB / ecobau / IPB 2009/1:2016,60
"92.027 Entsorgung, Lüftungsanlage, spez. Luftmenge 1 m3/hm2 EBF (KBOB.2016)","92.027 Entsorgung, Lüftungsanlage, spez. Luftmenge 1 m3/hm2 EBF (KBOB.2016)",,,,OTHER_RESOURCE,OTHER_RESOURCE_DISPOSAL_BUILDING_TECHNOLOGY,,222,,222,0.01,,0.01,0.21,,0.21,0.35,,0.35,m2,area,,92.027,KBOB 2016,Alle > RESSOURCEN > kbob.admin.ch > KBOB / ecobau / IPB 2009/1:2016,60
"92.028 Entsorgung, Lüftungsanlage, spez. Luftmenge 2 m3/hm2 EBF (KBOB.2016)","92.028 Entsorgung, Lüftungsanlage, spez. Luftmenge 2 m3/hm2 EBF (KBOB.2016)",,,,OTHER_RESOURCE,OTHER_RESOURCE_DISPOSAL_BUILDING_TECHNOLOGY,,311,,311,0.01,,0.01,0.29,,0.29,0.49,,0.49,m2,area,,92.028,KBOB 2016,Alle > RESSOURCEN > kbob.admin.ch > KBOB / ecobau / IPB 2009/1:2016,60
"92.029 Entsorgung, Lüftungsanlage, spez. Luftmenge 4 m3/hm2 EBF (KBOB.2016)","92.029 Entsorgung, Lüftungsanlage, spez. Luftmenge 4 m3/hm2 EBF (KBOB.2016)",,,,OTHER_RESOURCE,OTHER_RESOURCE_DISPOSAL_BUILDING_TECHNOLOGY,,488,,488,0.01,,0.01,0.44,,0.44,0.76,,0.76,m2,area,,92.029,KBOB 2016,Alle > RESSOURCEN > kbob.admin.ch > KBOB / ecobau / IPB 2009/1:2016,60
"92.030 Entsorgung, Lüftungsanlage, spez. Luftmenge 6 m3/hm2 EBF (KBOB.2016)","92.030 Entsorgung, Lüftungsanlage, spez. Luftmenge 6 m3/hm2 EBF (KBOB.2016)",,,,OTHER_RESOURCE,OTHER_RESOURCE_DISPOSAL_BUILDING_TECHNOLOGY,,666,,666,0.02,,0.02,0.60,,0.60,1.04,,1.04,m2,area,,92.030,KBOB 2016,Alle > RESSOURCEN > kbob.admin.ch > KBOB / ecobau / IPB 2009/1:2016,60
"92.031 Entsorgung, Lüftungsanlage, spez. Luftmenge 8 m3/hm2 EBF (KBOB.2016)","92.031 Entsorgung, Lüftungsanlage, spez. Luftmenge 8 m3/hm2 EBF (KBOB.2016)",,,,OTHER_RESOURCE,OTHER_RESOURCE_DISPOSAL_BUILDING_TECHNOLOGY,,843,,843,0.02,,0.02,0.76,,0.76,1.32,,1.32,m2,area,,92.031,KBOB 2016,Alle > RESSOURCEN > kbob.admin.ch > KBOB / ecobau / IPB 2009/1:2016,60
"92.021 Entsorgung, Lüftungsanlage Wohnen, Blechkanäle, inkl. Küchenabluft (KBOB.2016)","92.021 Entsorgung, Lüftungsanlage Wohnen, Blechkanäle, inkl. Küchenabluft (KBOB.2016)",,,,OTHER_RESOURCE,OTHER_RESOURCE_DISPOSAL_BUILDING_TECHNOLOGY,,182,,182,0.00,,0.00,0.08,,0.08,0.30,,0.30,m2,area,,92.021,KBOB 2016,Alle > RESSOURCEN > kbob.admin.ch > KBOB / ecobau / IPB 2009/1:2016,60
"92.022 Entsorgung, Lüftungsanlage Wohnen, PE-Kanäle, inkl. Küchenabluft (KBOB.2016)","92.022 Entsorgung, Lüftungsanlage Wohnen, PE-Kanäle, inkl. Küchenabluft (KBOB.2016)",,,,OTHER_RESOURCE,OTHER_RESOURCE_DISPOSAL_BUILDING_TECHNOLOGY,,371,,371,0.00,,0.00,0.07,,0.07,0.72,,0.72,m2,area,,92.022,KBOB 2016,Alle > RESSOURCEN > kbob.admin.ch > KBOB / ecobau / IPB 2009/1:2016,60
"92.012 Entsorgung, Luft-Wasser Wärmepumpe 8 kW (KBOB.2016)","92.012 Entsorgung, Luft-Wasser Wärmepumpe 8 kW (KBOB.2016)",,,,OTHER_RESOURCE,OTHER_RESOURCE_DISPOSAL_BUILDING_TECHNOLOGY,,546000,,546000,5.01,,5.01,60.20,,60.20,1050.00,,1050.00,Stk.,device,,92.012,KBOB 2016,Alle > RESSOURCEN > kbob.admin.ch > KBOB / ecobau / IPB 2009/1:2016,60
"92.013 Entsorgung, Luft-Wasser Wärmepumpe 8 kW (KBOB.2016)","92.013 Entsorgung, Luft-Wasser Wärmepumpe 8 kW (KBOB.2016)",,,,OTHER_RESOURCE,OTHER_RESOURCE_DISPOSAL_BUILDING_TECHNOLOGY,,2240,,2240,0.02,,0.02,0.25,,0.25,4.33,,4.33,kg,mass,,92.013,KBOB 2016,Alle > RESSOURCEN > kbob.admin.ch > KBOB / ecobau / IPB 2009/1:2016,60
"92.010 Entsorgung, Sole-Wasser Wärmepumpe 8 kW (KBOB.2016)","92.010 Entsorgung, Sole-Wasser Wärmepumpe 8 kW (KBOB.2016)",,,,OTHER_RESOURCE,OTHER_RESOURCE_DISPOSAL_BUILDING_TECHNOLOGY,,367000,,367000,3.82,,3.82,45.20,,45.20,706.00,,706.00,Stk.,device,,92.010,KBOB 2016,Alle > RESSOURCEN > kbob.admin.ch > KBOB / ecobau / IPB 2009/1:2016,60
"92.011 Entsorgung, Sole-Wasser Wärmepumpe 8 kW (KBOB.2016)","92.011 Entsorgung, Sole-Wasser Wärmepumpe 8 kW (KBOB.2016)",,,,OTHER_RESOURCE,OTHER_RESOURCE_DISPOSAL_BUILDING_TECHNOLOGY,,1960,,1960,0.02,,0.02,0.24,,0.24,3.77,,3.77,kg,mass,,92.011,KBOB 2016,Alle > RESSOURCEN > kbob.admin.ch > KBOB / ecobau / IPB 2009/1:2016,60
"92.015 Entsorgung, Verteilung Bürogebäude (KBOB.2016)","92.015 Entsorgung, Verteilung Bürogebäude (KBOB.2016)",,,,OTHER_RESOURCE,OTHER_RESOURCE_DISPOSAL_BUILDING_TECHNOLOGY,,1090,,1090,0.43,,0.43,2.79,,2.79,1.06,,1.06,m2,area,,92.015,KBOB 2016,Alle > RESSOURCEN > kbob.admin.ch > KBOB / ecobau / IPB 2009/1:2016,60
"92.014 Entsorgung, Verteilung Wohngebäude (KBOB.2016)","92.014 Entsorgung, Verteilung Wohngebäude (KBOB.2016)",,,,OTHER_RESOURCE,OTHER_RESOURCE_DISPOSAL_BUILDING_TECHNOLOGY,,807,,807,0.37,,0.37,2.33,,2.33,0.67,,0.67,m2,area,,92.014,KBOB 2016,Alle > RESSOURCEN > kbob.admin.ch > KBOB / ecobau / IPB 2009/1:2016,60
"92.006 Entsorgung, Wärmeerzeuger, spez. Leistungsbedarf 10 W/m2 (KBOB.2016)","92.006 Entsorgung, Wärmeerzeuger, spez. Leistungsbedarf 10 W/m2 (KBOB.2016)",,,,OTHER_RESOURCE,OTHER_RESOURCE_DISPOSAL_BUILDING_TECHNOLOGY,,11,,11,0.00,,0.00,0.02,,0.02,0.01,,0.01,m2,area,,92.006,KBOB 2016,Alle > RESSOURCEN > kbob.admin.ch > KBOB / ecobau / IPB 2009/1:2016,60
"92.007 Entsorgung, Wärmeerzeuger, spez. Leistungsbedarf 30 W/m2 (KBOB.2016)","92.007 Entsorgung, Wärmeerzeuger, spez. Leistungsbedarf 30 W/m2 (KBOB.2016)",,,,OTHER_RESOURCE,OTHER_RESOURCE_DISPOSAL_BUILDING_TECHNOLOGY,,32,,32,0.00,,0.00,0.05,,0.05,0.03,,0.03,m2,area,,92.007,KBOB 2016,Alle > RESSOURCEN > kbob.admin.ch > KBOB / ecobau / IPB 2009/1:2016,60
"92.008 Entsorgung, Wärmeerzeuger, spez. Leistungsbedarf 50 W/m2 (KBOB.2016)","92.008 Entsorgung, Wärmeerzeuger, spez. Leistungsbedarf 50 W/m2 (KBOB.2016)",,,,OTHER_RESOURCE,OTHER_RESOURCE_DISPOSAL_BUILDING_TECHNOLOGY,,53,,53,0.00,,0.00,0.09,,0.09,0.05,,0.05,m2,area,,92.008,KBOB 2016,Alle > RESSOURCEN > kbob.admin.ch > KBOB / ecobau / IPB 2009/1:2016,60
"92.019 Entsorgung, Wärmeverteilung und Abgabe, Luftheizung (KBOB.2016)","92.019 Entsorgung, Wärmeverteilung und Abgabe, Luftheizung (KBOB.2016)",,,,OTHER_RESOURCE,OTHER_RESOURCE_DISPOSAL_BUILDING_TECHNOLOGY,,34,,34,0.00,,0.00,0.01,,0.01,0.07,,0.07,m2,area,,92.019,KBOB 2016,Alle > RESSOURCEN > kbob.admin.ch > KBOB / ecobau / IPB 2009/1:2016,60
"92.003 Entsorgung, Wohnen, inkl. Apparate und Leitungen (KBOB.2016)","92.003 Entsorgung, Wohnen, inkl. Apparate und Leitungen (KBOB.2016)",,,,OTHER_RESOURCE,OTHER_RESOURCE_DISPOSAL_BUILDING_TECHNOLOGY,,833,,833,0.02,,0.02,0.34,,0.34,1.55,,1.55,m2,area,,92.003,KBOB 2016,Alle > RESSOURCEN > kbob.admin.ch > KBOB / ecobau / IPB 2009/1:2016,60