Name,ProductKey,Description,Picture,Product sections,Type,SubType,vyzn.catalogue.ch.minergie.eco.MepClassification,vyzn.catalogue.Density,vyzn.catalogue.ch.KBOB2022.UBPTotal,vyzn.catalogue.ch.KBOB2022.UBPProduction,vyzn.catalogue.ch.KBOB2022.UBPDisposal,vyzn.catalogue.ch.KBOB2022.RenewableEnergyTotal,vyzn.catalogue.ch.KBOB2022.RenewableEnergyProduction,vyzn.catalogue.ch.KBOB2022.RenewableEnergyDisposal,vyzn.catalogue.ch.KBOB2022.GreyEnergyTotal,vyzn.catalogue.ch.KBOB2022.GreyEnergyProduction,vyzn.catalogue.ch.KBOB2022.GreyEnergyDisposal,vyzn.catalogue.ch.KBOB2022.GHGEmissionsTotal,vyzn.catalogue.ch.KBOB2022.GHGEmissionsProduction,vyzn.catalogue.ch.KBOB2022.GHGEmissionsDisposal,vyzn.catalogue.ch.KBOB2022.LCARefUnit,vyzn.catalogue.ch.KBOB2022.LCARefDimension,vyzn.catalogue.ch.KBOB2022.BiogenicCarbon,KBOB REF,vyzn.catalogue.SourceENV,categoryPath,vyzn.catalogue.lifeCycle
"31.001 Wärmeerzeuger, spez. Leistungsbedarf 10 W/m2 (KBOB.2016)","31.001 Wärmeerzeuger, spez. Leistungsbedarf 10 W/m2 (KBOB.2016)",,,,BUILDING_TECHNOLOGY,BUILDING_TECHNOLOGY_HEATING,heatGeneration,,1200.000000,1190.000000,10.600000,0.236000,0.236000,0.000317,2.280000,2.260000,0.018100,0.512000,0.501000,0.010900,m2,energyReferenceArea,0,31.001,KBOB 2016,Alle > GEBÄUDETECHNIK > kbob.admin.ch > KBOB / ecobau / IPB 2009/1:2016,20
"31.002 Wärmeerzeuger, spez. Leistungsbedarf 30 W/m2 (KBOB.2016)","31.002 Wärmeerzeuger, spez. Leistungsbedarf 30 W/m2 (KBOB.2016)",,,,BUILDING_TECHNOLOGY,BUILDING_TECHNOLOGY_HEATING,heatGeneration,,3590.000000,3560.000000,31.800000,0.708000,0.707000,0.000952,6.830000,6.780000,0.054400,1.530000,1.500000,0.032700,m2,energyReferenceArea,0,31.002,KBOB 2016,Alle > GEBÄUDETECHNIK > kbob.admin.ch > KBOB / ecobau / IPB 2009/1:2016,20
"31.003 Wärmeerzeuger, spez. Leistungsbedarf 50 W/m2 (KBOB.2016)","31.003 Wärmeerzeuger, spez. Leistungsbedarf 50 W/m2 (KBOB.2016)",,,,BUILDING_TECHNOLOGY,BUILDING_TECHNOLOGY_HEATING,heatGeneration,,5990.000000,5930.000000,53.000000,1.180000,1.180000,0.001590,11.400000,11.300000,0.090600,2.560000,2.500000,0.054500,m2,energyReferenceArea,0,31.003,KBOB 2016,Alle > GEBÄUDETECHNIK > kbob.admin.ch > KBOB / ecobau / IPB 2009/1:2016,20
31.021 Wärmeverteilung Wohngebäude (KBOB.2016),31.021 Wärmeverteilung Wohngebäude (KBOB.2016),,,,BUILDING_TECHNOLOGY,BUILDING_TECHNOLOGY_HEATING,heatDistribution,,5480.000000,4670.000000,807.000000,1.510000,1.140000,0.370000,14.300000,12.000000,2.330000,3.070000,2.390000,0.674000,m2,energyReferenceArea,0,31.021,KBOB 2016,Alle > GEBÄUDETECHNIK > kbob.admin.ch > KBOB / ecobau / IPB 2009/1:2016,30
31.022 Wärmeverteilung Bürogebäude (KBOB.2016),31.022 Wärmeverteilung Bürogebäude (KBOB.2016),,,,BUILDING_TECHNOLOGY,BUILDING_TECHNOLOGY_HEATING,heatDistribution,,15000.000000,13900.000000,1090.000000,2.680000,2.250000,0.433000,32.700000,29.900000,2.790000,7.620000,6.560000,1.060000,m2,energyReferenceArea,0,31.022,KBOB 2016,Alle > GEBÄUDETECHNIK > kbob.admin.ch > KBOB / ecobau / IPB 2009/1:2016,30
31.023 Wärmeabgabe über Heizkörper (KBOB.2016),31.023 Wärmeabgabe über Heizkörper (KBOB.2016),,,,BUILDING_TECHNOLOGY,BUILDING_TECHNOLOGY_HEATING,heatEmission,,10200.000000,10200.000000,17.900000,1.630000,1.620000,0.001850,22.800000,22.700000,0.035200,5.460000,5.440000,0.022700,m2,energyReferenceArea,0,31.023,KBOB 2016,Alle > GEBÄUDETECHNIK > kbob.admin.ch > KBOB / ecobau / IPB 2009/1:2016,30
31.024 Wärmeabgabe über Fussbodenheizung (KBOB.2016),31.024 Wärmeabgabe über Fussbodenheizung (KBOB.2016),,,,BUILDING_TECHNOLOGY,BUILDING_TECHNOLOGY_HEATING,heatEmission,,4040.000000,3040.000000,997.000000,1.480000,1.480000,0.001650,22.300000,22.200000,0.091700,5.060000,3.020000,2.040000,m2,energyReferenceArea,0,31.024,KBOB 2016,Alle > GEBÄUDETECHNIK > kbob.admin.ch > KBOB / ecobau / IPB 2009/1:2016,30
31.025 Wärmeabgabe über Heizkühldecke (ohne Gips- oder Metalldecke) (KBOB.2016),31.025 Wärmeabgabe über Heizkühldecke (ohne Gips- oder Metalldecke) (KBOB.2016),,,,BUILDING_TECHNOLOGY,BUILDING_TECHNOLOGY_HEATING,heatEmission,,39400.000000,39400.000000,70.400000,4.470000,4.470000,0.001590,26.400000,26.300000,0.030600,5.770000,5.640000,0.134000,m2,energyReferenceArea,0,31.025,KBOB 2016,Alle > GEBÄUDETECHNIK > kbob.admin.ch > KBOB / ecobau / IPB 2009/1:2016,30
"31.015 Wärmeverteilung und Abgabe, Luftheizung (KBOB.2016)","31.015 Wärmeverteilung und Abgabe, Luftheizung (KBOB.2016)",,,,BUILDING_TECHNOLOGY,BUILDING_TECHNOLOGY_HEATING,heatDistribution,,2940.000000,2910.000000,33.600000,0.325000,0.325000,0.000083,7.960000,7.950000,0.006480,1.700000,1.630000,0.067200,m2,energyReferenceArea,0,31.015,KBOB 2016,Alle > GEBÄUDETECHNIK > kbob.admin.ch > KBOB / ecobau / IPB 2009/1:2016,30
"31.016 Erdsonden, für Sole-Wasser-Wärmepumpe (KBOB.2016)","31.016 Erdsonden, für Sole-Wasser-Wärmepumpe (KBOB.2016)",,,,BUILDING_TECHNOLOGY,BUILDING_TECHNOLOGY_HEATING,geothermalProbe,,34600.000000,30500.000000,4100.000000,2.870000,2.610000,0.255000,130.000000,129.000000,1.480000,28.100000,25.300000,2.730000,m,probeLength,0,31.016,KBOB 2016,Alle > GEBÄUDETECHNIK > kbob.admin.ch > KBOB / ecobau / IPB 2009/1:2016,40
31.017 Sole-Wasser Wärmepumpe 8 kW (KBOB.2016),31.017 Sole-Wasser Wärmepumpe 8 kW (KBOB.2016),,,,BUILDING_TECHNOLOGY,BUILDING_TECHNOLOGY_HEATING,heatGeneration,,4220000.000000,3860000.000000,367000.000000,506.000000,503.000000,3.820000,5520.000000,5480.000000,45.200000,2180.000000,1470.000000,706.000000,Stk.,device,0,31.017,KBOB 2016,Alle > GEBÄUDETECHNIK > kbob.admin.ch > KBOB / ecobau / IPB 2009/1:2016,20
31.018 Sole-Wasser Wärmepumpe 8 kW (KBOB.2016),31.018 Sole-Wasser Wärmepumpe 8 kW (KBOB.2016),,,,BUILDING_TECHNOLOGY,BUILDING_TECHNOLOGY_HEATING,heatGeneration,,22500.000000,20600.000000,1960.000000,2.700000,2.680000,0.020400,29.500000,29.200000,0.241000,11.600000,7.860000,3.770000,kg,mass,0,31.018,KBOB 2016,Alle > GEBÄUDETECHNIK > kbob.admin.ch > KBOB / ecobau / IPB 2009/1:2016,20
31.019 Luft-Wasser Wärmepumpe 8 kW (KBOB.2016),31.019 Luft-Wasser Wärmepumpe 8 kW (KBOB.2016),,,,BUILDING_TECHNOLOGY,BUILDING_TECHNOLOGY_HEATING,heatGeneration,,5460000.000000,4910000.000000,546000.000000,641.000000,636.000000,5.010000,6460.000000,6400.000000,60.200000,2910.000000,1860.000000,1050.000000,Stk.,device,0,31.019,KBOB 2016,Alle > GEBÄUDETECHNIK > kbob.admin.ch > KBOB / ecobau / IPB 2009/1:2016,20
31.020 Luft-Wasser Wärmepumpe 8 kW (KBOB.2016),31.020 Luft-Wasser Wärmepumpe 8 kW (KBOB.2016),,,,BUILDING_TECHNOLOGY,BUILDING_TECHNOLOGY_HEATING,heatGeneration,,22400.000000,20200.000000,2240.000000,2.630000,2.610000,0.020600,26.500000,26.200000,0.248000,12.000000,7.620000,4.330000,kg,mass,0,31.020,KBOB 2016,Alle > GEBÄUDETECHNIK > kbob.admin.ch > KBOB / ecobau / IPB 2009/1:2016,20
31.007 Flachkollektor für Warmwasser EFH (KBOB.2016),31.007 Flachkollektor für Warmwasser EFH (KBOB.2016),,,,BUILDING_TECHNOLOGY,BUILDING_TECHNOLOGY_HEATING,heatGeneration,,676000.000000,676000.000000,,142.000000,142.000000,,1140.000000,1140.000000,,256.000000,256.000000,,m2,collectorArea,0,31.007,KBOB 2016,Alle > GEBÄUDETECHNIK > kbob.admin.ch > KBOB / ecobau / IPB 2009/1:2016,30
31.008 Flachkollektor für Raumheizung und Warmwasser EFH (KBOB.2016),31.008 Flachkollektor für Raumheizung und Warmwasser EFH (KBOB.2016),,,,BUILDING_TECHNOLOGY,BUILDING_TECHNOLOGY_HEATING,heatGeneration,,452000.000000,452000.000000,,102.000000,102.000000,,824.000000,824.000000,,184.000000,184.000000,,m2,collectorArea,0,31.008,KBOB 2016,Alle > GEBÄUDETECHNIK > kbob.admin.ch > KBOB / ecobau / IPB 2009/1:2016,30
31.009 Flachkollektor für Warmwasser MFH (KBOB.2016),31.009 Flachkollektor für Warmwasser MFH (KBOB.2016),,,,BUILDING_TECHNOLOGY,BUILDING_TECHNOLOGY_HEATING,heatGeneration,,394000.000000,394000.000000,,79.000000,79.000000,,695.000000,695.000000,,155.000000,155.000000,,m2,collectorArea,0,31.009,KBOB 2016,Alle > GEBÄUDETECHNIK > kbob.admin.ch > KBOB / ecobau / IPB 2009/1:2016,30
31.010 Röhrenkollektor für Raumheizung und Warmwasser EFH (KBOB.2016),31.010 Röhrenkollektor für Raumheizung und Warmwasser EFH (KBOB.2016),,,,BUILDING_TECHNOLOGY,BUILDING_TECHNOLOGY_HEATING,heatGeneration,,465000.000000,465000.000000,,101.000000,101.000000,,924.000000,924.000000,,208.000000,208.000000,,m2,collectorArea,0,31.010,KBOB 2016,Alle > GEBÄUDETECHNIK > kbob.admin.ch > KBOB / ecobau / IPB 2009/1:2016,30
"32.011 Lüftungsanlage, spez. Luftmenge 1 m3/hm2 EBF (KBOB.2016)","32.011 Lüftungsanlage, spez. Luftmenge 1 m3/hm2 EBF (KBOB.2016)",,,,BUILDING_TECHNOLOGY,BUILDING_TECHNOLOGY_VENTILATION,ventilation,,31700.000000,31400.000000,222.000000,4.350000,4.350000,0.006950,54.500000,54.300000,0.208000,12.700000,12.300000,0.345000,m2,energyReferenceArea,0,32.011,KBOB 2016,Alle > GEBÄUDETECHNIK > kbob.admin.ch > KBOB / ecobau / IPB 2009/1:2016,30
"32.005 Lüftungsanlage, spez. Luftmenge 2 m3/hm2 EBF (KBOB.2016)","32.005 Lüftungsanlage, spez. Luftmenge 2 m3/hm2 EBF (KBOB.2016)",,,,BUILDING_TECHNOLOGY,BUILDING_TECHNOLOGY_VENTILATION,ventilation,,42700.000000,42400.000000,311.000000,5.850000,5.840000,0.009470,73.600000,73.300000,0.287000,17.100000,16.600000,0.485000,m2,energyReferenceArea,0,32.005,KBOB 2016,Alle > GEBÄUDETECHNIK > kbob.admin.ch > KBOB / ecobau / IPB 2009/1:2016,30
"32.006 Lüftungsanlage, spez. Luftmenge 4 m3/hm2 EBF (KBOB.2016)","32.006 Lüftungsanlage, spez. Luftmenge 4 m3/hm2 EBF (KBOB.2016)",,,,BUILDING_TECHNOLOGY,BUILDING_TECHNOLOGY_VENTILATION,ventilation,,64800.000000,64300.000000,488.000000,8.840000,8.830000,0.014500,112.000000,111.000000,0.444000,25.900000,25.200000,0.763000,m2,energyReferenceArea,0,32.006,KBOB 2016,Alle > GEBÄUDETECHNIK > kbob.admin.ch > KBOB / ecobau / IPB 2009/1:2016,30
"32.007 Lüftungsanlage, spez. Luftmenge 6 m3/hm2 EBF (KBOB.2016)","32.007 Lüftungsanlage, spez. Luftmenge 6 m3/hm2 EBF (KBOB.2016)",,,,BUILDING_TECHNOLOGY,BUILDING_TECHNOLOGY_VENTILATION,ventilation,,86900.000000,86200.000000,666.000000,11.800000,11.800000,0.019600,150.000000,149.000000,0.601000,34.800000,33.700000,1.040000,m2,energyReferenceArea,0,32.007,KBOB 2016,Alle > GEBÄUDETECHNIK > kbob.admin.ch > KBOB / ecobau / IPB 2009/1:2016,30
"32.012 Lüftungsanlage, spez. Luftmenge 8 m3/hm2 EBF (KBOB.2016)","32.012 Lüftungsanlage, spez. Luftmenge 8 m3/hm2 EBF (KBOB.2016)",,,,BUILDING_TECHNOLOGY,BUILDING_TECHNOLOGY_VENTILATION,ventilation,,109000.000000,108000.000000,843.000000,14.800000,14.800000,0.024600,188.000000,187.000000,0.758000,43.600000,42.300000,1.320000,m2,energyReferenceArea,0,32.012,KBOB 2016,Alle > GEBÄUDETECHNIK > kbob.admin.ch > KBOB / ecobau / IPB 2009/1:2016,30
"32.001 Lüftungsanlage Wohnen, Blechkanäle, inkl. Küchenabluft (KBOB.2016)","32.001 Lüftungsanlage Wohnen, Blechkanäle, inkl. Küchenabluft (KBOB.2016)",,,,BUILDING_TECHNOLOGY,BUILDING_TECHNOLOGY_VENTILATION,ventilation,,45200.000000,45000.000000,182.000000,3.990000,3.990000,0.003880,53.300000,53.200000,0.083100,12.000000,11.700000,0.299000,m2,energyReferenceArea,0,32.001,KBOB 2016,Alle > GEBÄUDETECHNIK > kbob.admin.ch > KBOB / ecobau / IPB 2009/1:2016,30
"32.002 Lüftungsanlage Wohnen, PE-Kanäle, inkl. Küchenabluft (KBOB.2016)","32.002 Lüftungsanlage Wohnen, PE-Kanäle, inkl. Küchenabluft (KBOB.2016)",,,,BUILDING_TECHNOLOGY,BUILDING_TECHNOLOGY_VENTILATION,ventilation,,22000.000000,21600.000000,371.000000,2.360000,2.360000,0.002530,32.700000,32.600000,0.074300,7.320000,6.600000,0.724000,m2,energyReferenceArea,0,32.002,KBOB 2016,Alle > GEBÄUDETECHNIK > kbob.admin.ch > KBOB / ecobau / IPB 2009/1:2016,30
32.003 Abluftanlage Küche und Bad (KBOB.2016),32.003 Abluftanlage Küche und Bad (KBOB.2016),,,,BUILDING_TECHNOLOGY,BUILDING_TECHNOLOGY_VENTILATION,ventilation,,13300.000000,13300.000000,65.700000,0.981000,0.980000,0.000208,15.100000,15.100000,0.016500,3.400000,3.280000,0.126000,m2,energyReferenceArea,0,32.003,KBOB 2016,Alle > GEBÄUDETECHNIK > kbob.admin.ch > KBOB / ecobau / IPB 2009/1:2016,30
32.004 Erdregister zu Lüftungsanlage Wohnen (KBOB.2016),32.004 Erdregister zu Lüftungsanlage Wohnen (KBOB.2016),,,,BUILDING_TECHNOLOGY,BUILDING_TECHNOLOGY_VENTILATION,ventilation,,4550.000000,3220.000000,1330.000000,0.554000,0.502000,0.051800,16.100000,14.800000,1.280000,4.550000,2.920000,1.630000,m2,energyReferenceArea,0,32.004,KBOB 2016,Alle > GEBÄUDETECHNIK > kbob.admin.ch > KBOB / ecobau / IPB 2009/1:2016,30
32.008 Erdregister kurz zu Lüftungsanlage Büro (0.27 m/m2 EBF) (KBOB.2016),32.008 Erdregister kurz zu Lüftungsanlage Büro (0.27 m/m2 EBF) (KBOB.2016),,,,BUILDING_TECHNOLOGY,BUILDING_TECHNOLOGY_VENTILATION,ventilation,,7890.000000,5590.000000,2300.000000,0.960000,0.870000,0.089800,27.900000,25.700000,2.220000,7.890000,5.060000,2.820000,m2,energyReferenceArea,0,32.008,KBOB 2016,Alle > GEBÄUDETECHNIK > kbob.admin.ch > KBOB / ecobau / IPB 2009/1:2016,30
32.009 Erdregister lang zu Lüftungsanlage Büro (0.67 m/m2 EBF) (KBOB.2016),32.009 Erdregister lang zu Lüftungsanlage Büro (0.67 m/m2 EBF) (KBOB.2016),,,,BUILDING_TECHNOLOGY,BUILDING_TECHNOLOGY_VENTILATION,ventilation,,19700.000000,14000.000000,5760.000000,2.400000,2.180000,0.224000,69.700000,64.200000,5.540000,19.700000,12.700000,7.050000,m2,energyReferenceArea,0,32.009,KBOB 2016,Alle > GEBÄUDETECHNIK > kbob.admin.ch > KBOB / ecobau / IPB 2009/1:2016,30
"32.010 Einzelraumlüfer Fenstermodell 10-30 m3/h, ohne Montage (KBOB.2016)","32.010 Einzelraumlüfer Fenstermodell 10-30 m3/h, ohne Montage (KBOB.2016)",,,,BUILDING_TECHNOLOGY,BUILDING_TECHNOLOGY_VENTILATION,ventilation,,63200.000000,59900.000000,3260.000000,109.000000,109.000000,0.075800,220.000000,218.000000,1.410000,43.500000,38.000000,5.480000,Stk.,device,0,32.010,KBOB 2016,Alle > GEBÄUDETECHNIK > kbob.admin.ch > KBOB / ecobau / IPB 2009/1:2016,30
"33.001 Sanitäranlagen, Büro, einfach, inkl. Apparate und Leitungen (KBOB.2016)","33.001 Sanitäranlagen, Büro, einfach, inkl. Apparate und Leitungen (KBOB.2016)",,,,BUILDING_TECHNOLOGY,BUILDING_TECHNOLOGY_SANITARY,sanitary,,6980.000000,6390.000000,587.000000,1.200000,1.190000,0.004580,19.600000,19.400000,0.137000,4.480000,3.330000,1.150000,m2,energyReferenceArea,0,33.001,KBOB 2016,Alle > GEBÄUDETECHNIK > kbob.admin.ch > KBOB / ecobau / IPB 2009/1:2016,30
"33.002 Sanitäranlagen, Büro, aufwändig, inkl. Apparate und Leitungen (KBOB.2016)","33.002 Sanitäranlagen, Büro, aufwändig, inkl. Apparate und Leitungen (KBOB.2016)",,,,BUILDING_TECHNOLOGY,BUILDING_TECHNOLOGY_SANITARY,sanitary,,18600.000000,16700.000000,1950.000000,3.370000,3.350000,0.014700,46.600000,46.200000,0.478000,11.800000,8.050000,3.760000,m2,energyReferenceArea,0,33.002,KBOB 2016,Alle > GEBÄUDETECHNIK > kbob.admin.ch > KBOB / ecobau / IPB 2009/1:2016,30
"33.003 Sanitäranlagen, Wohnen, inkl. Apparate und Leitungen (KBOB.2016)","33.003 Sanitäranlagen, Wohnen, inkl. Apparate und Leitungen (KBOB.2016)",,,,BUILDING_TECHNOLOGY,BUILDING_TECHNOLOGY_SANITARY,sanitary,,24100.000000,23200.000000,833.000000,3.850000,3.830000,0.019200,48.600000,48.200000,0.337000,11.400000,9.810000,1.550000,m2,energyReferenceArea,0,33.003,KBOB 2016,Alle > GEBÄUDETECHNIK > kbob.admin.ch > KBOB / ecobau / IPB 2009/1:2016,30
34.001 Elektroanlagen Wohnen (KBOB.2016),34.001 Elektroanlagen Wohnen (KBOB.2016),,,,BUILDING_TECHNOLOGY,BUILDING_TECHNOLOGY_ELECTRICAL,electrical,,47200.000000,45400.000000,1820.000000,4.850000,4.790000,0.058100,55.400000,54.600000,0.757000,12.700000,9.300000,3.400000,m2,energyReferenceArea,0,34.001,KBOB 2016,Alle > GEBÄUDETECHNIK > kbob.admin.ch > KBOB / ecobau / IPB 2009/1:2016,30
34.002 Elektroanlagen Büro (KBOB.2016),34.002 Elektroanlagen Büro (KBOB.2016),,,,BUILDING_TECHNOLOGY,BUILDING_TECHNOLOGY_ELECTRICAL,electrical,,117000.000000,116000.000000,900.000000,76.200000,76.100000,0.048300,114.000000,113.000000,0.832000,23.800000,22.400000,1.450000,m2,energyReferenceArea,0,34.002,KBOB 2016,Alle > GEBÄUDETECHNIK > kbob.admin.ch > KBOB / ecobau / IPB 2009/1:2016,30
34.024 Solarstromanlage (KBOB.2016),34.024 Solarstromanlage (KBOB.2016),,,,BUILDING_TECHNOLOGY,BUILDING_TECHNOLOGY_ELECTRICAL,photovoltaicSystem,,3170000.000000,3170000.000000,,905.000000,905.000000,,7390.000000,7390.000000,,2080.000000,2080.000000,,kWp,maxPower,0,34.024,KBOB 2016,Alle > GEBÄUDETECHNIK > kbob.admin.ch > KBOB / ecobau / IPB 2009/1:2016,30
34.025 Solarstromanlage Schrägdach (KBOB.2016),34.025 Solarstromanlage Schrägdach (KBOB.2016),,,,BUILDING_TECHNOLOGY,BUILDING_TECHNOLOGY_ELECTRICAL,photovoltaicSystem,,3190000.000000,3190000.000000,,897.000000,897.000000,,7290.000000,7290.000000,,2030.000000,2030.000000,,kWp,maxPower,0,34.025,KBOB 2016,Alle > GEBÄUDETECHNIK > kbob.admin.ch > KBOB / ecobau / IPB 2009/1:2016,30
34.026 Solarstromanlage Flachdach (KBOB.2016),34.026 Solarstromanlage Flachdach (KBOB.2016),,,,BUILDING_TECHNOLOGY,BUILDING_TECHNOLOGY_ELECTRICAL,photovoltaicSystem,,3070000.000000,3070000.000000,,959.000000,959.000000,,8020.000000,8020.000000,,2320.000000,2320.000000,,kWp,maxPower,0,34.026,KBOB 2016,Alle > GEBÄUDETECHNIK > kbob.admin.ch > KBOB / ecobau / IPB 2009/1:2016,30
34.027 Solarstromanlage Fassade (KBOB.2016),34.027 Solarstromanlage Fassade (KBOB.2016),,,,BUILDING_TECHNOLOGY,BUILDING_TECHNOLOGY_ELECTRICAL,photovoltaicSystem,,3170000.000000,3170000.000000,,905.000000,905.000000,,7460.000000,7460.000000,,2140.000000,2140.000000,,kWp,maxPower,0,34.027,KBOB 2016,Alle > GEBÄUDETECHNIK > kbob.admin.ch > KBOB / ecobau / IPB 2009/1:2016,30