Name,ProductKey,Description,Picture,Product sections,Type,SubType,vyzn.catalogue.Density,vyzn.catalogue.ch.KBOB2022.UBPTotal,vyzn.catalogue.ch.KBOB2022.UBPProduction,vyzn.catalogue.ch.KBOB2022.UBPDisposal,vyzn.catalogue.ch.KBOB2022.RenewableEnergyTotal,vyzn.catalogue.ch.KBOB2022.RenewableEnergyProduction,vyzn.catalogue.ch.KBOB2022.RenewableEnergyDisposal,vyzn.catalogue.ch.KBOB2022.GreyEnergyTotal,vyzn.catalogue.ch.KBOB2022.GreyEnergyProduction,vyzn.catalogue.ch.KBOB2022.GreyEnergyDisposal,vyzn.catalogue.ch.KBOB2022.GHGEmissionsTotal,vyzn.catalogue.ch.KBOB2022.GHGEmissionsProduction,vyzn.catalogue.ch.KBOB2022.GHGEmissionsDisposal,vyzn.catalogue.ch.KBOB2022.LCARefUnit,vyzn.catalogue.ch.KBOB2022.LCARefDimension,vyzn.catalogue.ch.KBOB2022.BiogenicCarbon,KBOB REF,vyzn.catalogue.SourceENV,vyzn.catalogue.lifeCycle,categoryPath
61.003 Endenergie (KBOB.2016),61.003 Endenergie (KBOB.2016),,,,OTHER_RESOURCE,OTHER_RESOURCE_TRANSPORT_FUEL,,309.000000,,,0.004240,,,1.270000,,,0.320000,,,kWh,finalEnergy,,61.003,KBOB 2016,60,Alle > RESSOURCEN > kbob.admin.ch > KBOB / ecobau / IPB 2009/1:2016
61.009 Endenergie (KBOB.2016),61.009 Endenergie (KBOB.2016),,,,OTHER_RESOURCE,OTHER_RESOURCE_TRANSPORT_FUEL,,886.000000,,,0.004300,,,1.270000,,,0.384000,,,kWh,finalEnergy,,61.009,KBOB 2016,60,Alle > RESSOURCEN > kbob.admin.ch > KBOB / ecobau / IPB 2009/1:2016
61.005 Endenergie (KBOB.2016),61.005 Endenergie (KBOB.2016),,,,OTHER_RESOURCE,OTHER_RESOURCE_TRANSPORT_FUEL,,161.000000,,,0.036800,,,0.310000,,,0.115000,,,kWh,finalEnergy,,61.005,KBOB 2016,60,Alle > RESSOURCEN > kbob.admin.ch > KBOB / ecobau / IPB 2009/1:2016
61.001 Endenergie (KBOB.2016),61.001 Endenergie (KBOB.2016),,,,OTHER_RESOURCE,OTHER_RESOURCE_TRANSPORT_FUEL,,357.000000,,,0.003420,,,1.240000,,,0.310000,,,kWh,finalEnergy,,61.001,KBOB 2016,60,Alle > RESSOURCEN > kbob.admin.ch > KBOB / ecobau / IPB 2009/1:2016
61.002 Endenergie (KBOB.2016),61.002 Endenergie (KBOB.2016),,,,OTHER_RESOURCE,OTHER_RESOURCE_TRANSPORT_FUEL,,400.000000,,,0.003250,,,1.220000,,,0.307000,,,kWh,finalEnergy,,61.002,KBOB 2016,60,Alle > RESSOURCEN > kbob.admin.ch > KBOB / ecobau / IPB 2009/1:2016
61.004 Endenergie (KBOB.2016),61.004 Endenergie (KBOB.2016),,,,OTHER_RESOURCE,OTHER_RESOURCE_TRANSPORT_FUEL,,292.000000,,,0.003140,,,1.210000,,,0.304000,,,kWh,finalEnergy,,61.004,KBOB 2016,60,Alle > RESSOURCEN > kbob.admin.ch > KBOB / ecobau / IPB 2009/1:2016
61.006 Endenergie (KBOB.2016),61.006 Endenergie (KBOB.2016),,,,OTHER_RESOURCE,OTHER_RESOURCE_TRANSPORT_FUEL,,200.000000,,,0.009190,,,1.120000,,,0.230000,,,kWh,finalEnergy,,61.006,KBOB 2016,60,Alle > RESSOURCEN > kbob.admin.ch > KBOB / ecobau / IPB 2009/1:2016
61.007 Endenergie (KBOB.2016),61.007 Endenergie (KBOB.2016),,,,OTHER_RESOURCE,OTHER_RESOURCE_TRANSPORT_FUEL,,322.000000,,,0.003060,,,1.200000,,,0.300000,,,kWh,finalEnergy,,61.007,KBOB 2016,60,Alle > RESSOURCEN > kbob.admin.ch > KBOB / ecobau / IPB 2009/1:2016
61.008 Endenergie (KBOB.2016),61.008 Endenergie (KBOB.2016),,,,OTHER_RESOURCE,OTHER_RESOURCE_TRANSPORT_FUEL,,438.000000,,,0.488000,,,2.520000,,,0.102000,,,kWh,finalEnergy,,61.008,KBOB 2016,60,Alle > RESSOURCEN > kbob.admin.ch > KBOB / ecobau / IPB 2009/1:2016
62.001 Aushubvolumen (KBOB.2016),62.001 Aushubvolumen (KBOB.2016),,,,OTHER_RESOURCE,OTHER_RESOURCE_TRANSPORT_FREIGHT,,489.000000,,,0.012600,,,1.670000,,,0.412000,,,m3,excavationVolume,,62.001,KBOB 2016,60,Alle > RESSOURCEN > kbob.admin.ch > KBOB / ecobau / IPB 2009/1:2016
62.014 Aushubvolumen (KBOB.2016),62.014 Aushubvolumen (KBOB.2016),,,,OTHER_RESOURCE,OTHER_RESOURCE_TRANSPORT_FREIGHT,,489.000000,,,0.012600,,,1.670000,,,0.412000,,,m3,excavationVolume,,62.014,KBOB 2016,60,Alle > RESSOURCEN > kbob.admin.ch > KBOB / ecobau / IPB 2009/1:2016
62.015 Aushubvolumen (KBOB.2016),62.015 Aushubvolumen (KBOB.2016),,,,OTHER_RESOURCE,OTHER_RESOURCE_TRANSPORT_FREIGHT,,494.000000,,,0.012500,,,1.620000,,,0.401000,,,m3,excavationVolume,,62.015,KBOB 2016,60,Alle > RESSOURCEN > kbob.admin.ch > KBOB / ecobau / IPB 2009/1:2016
62.002 Transportleistung (KBOB.2016),62.002 Transportleistung (KBOB.2016),,,,OTHER_RESOURCE,OTHER_RESOURCE_TRANSPORT_FREIGHT,,61.800000,,,0.002990,,,0.180000,,,0.047200,,,tkm,haulageCapacity,,62.002,KBOB 2016,60,Alle > RESSOURCEN > kbob.admin.ch > KBOB / ecobau / IPB 2009/1:2016
62.011 Transportleistung (KBOB.2016),62.011 Transportleistung (KBOB.2016),,,,OTHER_RESOURCE,OTHER_RESOURCE_TRANSPORT_FREIGHT,,1250.000000,,,0.026000,,,4.730000,,,1.170000,,,tkm,haulageCapacity,,62.011,KBOB 2016,60,Alle > RESSOURCEN > kbob.admin.ch > KBOB / ecobau / IPB 2009/1:2016
62.012 Transportleistung (KBOB.2016),62.012 Transportleistung (KBOB.2016),,,,OTHER_RESOURCE,OTHER_RESOURCE_TRANSPORT_FREIGHT,,2330.000000,,,0.188000,,,9.330000,,,2.200000,,,tkm,haulageCapacity,,62.012,KBOB 2016,60,Alle > RESSOURCEN > kbob.admin.ch > KBOB / ecobau / IPB 2009/1:2016
62.013 Transportleistung (KBOB.2016),62.013 Transportleistung (KBOB.2016),,,,OTHER_RESOURCE,OTHER_RESOURCE_TRANSPORT_FREIGHT,,1190.000000,,,0.016600,,,4.460000,,,1.110000,,,tkm,haulageCapacity,,62.013,KBOB 2016,60,Alle > RESSOURCEN > kbob.admin.ch > KBOB / ecobau / IPB 2009/1:2016
62.003 Transportleistung (KBOB.2016),62.003 Transportleistung (KBOB.2016),,,,OTHER_RESOURCE,OTHER_RESOURCE_TRANSPORT_FREIGHT,,51.300000,,,0.073100,,,0.152000,,,0.013500,,,tkm,haulageCapacity,,62.003,KBOB 2016,60,Alle > RESSOURCEN > kbob.admin.ch > KBOB / ecobau / IPB 2009/1:2016
62.005 Transportleistung (KBOB.2016),62.005 Transportleistung (KBOB.2016),,,,OTHER_RESOURCE,OTHER_RESOURCE_TRANSPORT_FREIGHT,,18.300000,,,0.000938,,,0.046200,,,0.010900,,,tkm,haulageCapacity,,62.005,KBOB 2016,60,Alle > RESSOURCEN > kbob.admin.ch > KBOB / ecobau / IPB 2009/1:2016
62.006 Transportleistung (KBOB.2016),62.006 Transportleistung (KBOB.2016),,,,OTHER_RESOURCE,OTHER_RESOURCE_TRANSPORT_FREIGHT,,35.200000,,,0.000532,,,0.024500,,,0.005730,,,tkm,haulageCapacity,,62.006,KBOB 2016,60,Alle > RESSOURCEN > kbob.admin.ch > KBOB / ecobau / IPB 2009/1:2016
62.007 Transportleistung (KBOB.2016),62.007 Transportleistung (KBOB.2016),,,,OTHER_RESOURCE,OTHER_RESOURCE_TRANSPORT_FREIGHT,,1790.000000,,,0.203000,,,6.970000,,,1.520000,,,tkm,haulageCapacity,,62.007,KBOB 2016,60,Alle > RESSOURCEN > kbob.admin.ch > KBOB / ecobau / IPB 2009/1:2016
62.016 Transportleistung (KBOB.2016),62.016 Transportleistung (KBOB.2016),,,,OTHER_RESOURCE,OTHER_RESOURCE_TRANSPORT_FREIGHT,,192.000000,,,0.009200,,,0.622000,,,0.135000,,,tkm,haulageCapacity,,62.016,KBOB 2016,60,Alle > RESSOURCEN > kbob.admin.ch > KBOB / ecobau / IPB 2009/1:2016
62.017 Transportleistung (KBOB.2016),62.017 Transportleistung (KBOB.2016),,,,OTHER_RESOURCE,OTHER_RESOURCE_TRANSPORT_FREIGHT,,794.000000,,,0.051800,,,2.400000,,,0.518000,,,tkm,haulageCapacity,,62.017,KBOB 2016,60,Alle > RESSOURCEN > kbob.admin.ch > KBOB / ecobau / IPB 2009/1:2016
62.009 Transportleistung (KBOB.2016),62.009 Transportleistung (KBOB.2016),,,,OTHER_RESOURCE,OTHER_RESOURCE_TRANSPORT_FREIGHT,,304.000000,,,0.017100,,,0.999000,,,0.218000,,,tkm,haulageCapacity,,62.009,KBOB 2016,60,Alle > RESSOURCEN > kbob.admin.ch > KBOB / ecobau / IPB 2009/1:2016
62.008 Transportleistung (KBOB.2016),62.008 Transportleistung (KBOB.2016),,,,OTHER_RESOURCE,OTHER_RESOURCE_TRANSPORT_FREIGHT,,251.000000,,,0.011600,,,0.783000,,,0.171000,,,tkm,haulageCapacity,,62.008,KBOB 2016,60,Alle > RESSOURCEN > kbob.admin.ch > KBOB / ecobau / IPB 2009/1:2016
62.010 Transportleistung (KBOB.2016),62.010 Transportleistung (KBOB.2016),,,,OTHER_RESOURCE,OTHER_RESOURCE_TRANSPORT_FREIGHT,,153.000000,,,0.007380,,,0.514000,,,0.110000,,,tkm,haulageCapacity,,62.010,KBOB 2016,60,Alle > RESSOURCEN > kbob.admin.ch > KBOB / ecobau / IPB 2009/1:2016
63.003 Transportleistung (KBOB.2016),63.003 Transportleistung (KBOB.2016),,,,OTHER_RESOURCE,OTHER_RESOURCE_TRANSPORT_STAFF,,148.000000,,,0.006960,,,0.454000,,,0.104000,,,pkm,haulageCapacity,,63.003,KBOB 2016,60,Alle > RESSOURCEN > kbob.admin.ch > KBOB / ecobau / IPB 2009/1:2016
63.001 Transportleistung (KBOB.2016),63.001 Transportleistung (KBOB.2016),,,,OTHER_RESOURCE,OTHER_RESOURCE_TRANSPORT_STAFF,,30.700000,,,0.063300,,,0.114000,,,0.006440,,,pkm,haulageCapacity,,63.001,KBOB 2016,60,Alle > RESSOURCEN > kbob.admin.ch > KBOB / ecobau / IPB 2009/1:2016
63.002 Transportleistung (KBOB.2016),63.002 Transportleistung (KBOB.2016),,,,OTHER_RESOURCE,OTHER_RESOURCE_TRANSPORT_STAFF,,63.500000,,,0.018000,,,0.271000,,,0.062300,,,pkm,haulageCapacity,,63.002,KBOB 2016,60,Alle > RESSOURCEN > kbob.admin.ch > KBOB / ecobau / IPB 2009/1:2016
63.004 Transportleistung (KBOB.2016),63.004 Transportleistung (KBOB.2016),,,,OTHER_RESOURCE,OTHER_RESOURCE_TRANSPORT_STAFF,,158.000000,,,0.007710,,,0.612000,,,0.148000,,,pkm,haulageCapacity,,63.004,KBOB 2016,60,Alle > RESSOURCEN > kbob.admin.ch > KBOB / ecobau / IPB 2009/1:2016
63.005 Transportleistung (KBOB.2016),63.005 Transportleistung (KBOB.2016),,,,OTHER_RESOURCE,OTHER_RESOURCE_TRANSPORT_STAFF,,233.000000,,,0.018900,,,0.934000,,,0.220000,,,pkm,haulageCapacity,,63.005,KBOB 2016,60,Alle > RESSOURCEN > kbob.admin.ch > KBOB / ecobau / IPB 2009/1:2016
63.006 Transportleistung (KBOB.2016),63.006 Transportleistung (KBOB.2016),,,,OTHER_RESOURCE,OTHER_RESOURCE_TRANSPORT_STAFF,,121.000000,,,0.002170,,,0.454000,,,0.112000,,,pkm,haulageCapacity,,63.006,KBOB 2016,60,Alle > RESSOURCEN > kbob.admin.ch > KBOB / ecobau / IPB 2009/1:2016
63.007 Transportleistung (KBOB.2016),63.007 Transportleistung (KBOB.2016),,,,OTHER_RESOURCE,OTHER_RESOURCE_TRANSPORT_STAFF,,217.000000,,,0.026300,,,0.893000,,,0.195000,,,pkm,haulageCapacity,,63.007,KBOB 2016,60,Alle > RESSOURCEN > kbob.admin.ch > KBOB / ecobau / IPB 2009/1:2016
63.008 Transportleistung (KBOB.2016),63.008 Transportleistung (KBOB.2016),,,,OTHER_RESOURCE,OTHER_RESOURCE_TRANSPORT_STAFF,,221.000000,,,0.026400,,,0.909000,,,0.199000,,,pkm,haulageCapacity,,63.008,KBOB 2016,60,Alle > RESSOURCEN > kbob.admin.ch > KBOB / ecobau / IPB 2009/1:2016
63.014 Transportleistung (KBOB.2016),63.014 Transportleistung (KBOB.2016),,,,OTHER_RESOURCE,OTHER_RESOURCE_TRANSPORT_STAFF,,154.000000,,,0.047800,,,0.430000,,,0.098300,,,pkm,haulageCapacity,,63.014,KBOB 2016,60,Alle > RESSOURCEN > kbob.admin.ch > KBOB / ecobau / IPB 2009/1:2016
63.009 Transportleistung (KBOB.2016),63.009 Transportleistung (KBOB.2016),,,,OTHER_RESOURCE,OTHER_RESOURCE_TRANSPORT_STAFF,,198.000000,,,0.025700,,,0.816000,,,0.176000,,,pkm,haulageCapacity,,63.009,KBOB 2016,60,Alle > RESSOURCEN > kbob.admin.ch > KBOB / ecobau / IPB 2009/1:2016
63.016 Transportleistung (KBOB.2016),63.016 Transportleistung (KBOB.2016),,,,OTHER_RESOURCE,OTHER_RESOURCE_TRANSPORT_STAFF,,163.000000,,,0.094500,,,0.643000,,,0.058400,,,pkm,haulageCapacity,,63.016,KBOB 2016,60,Alle > RESSOURCEN > kbob.admin.ch > KBOB / ecobau / IPB 2009/1:2016
63.015 Transportleistung (KBOB.2016),63.015 Transportleistung (KBOB.2016),,,,OTHER_RESOURCE,OTHER_RESOURCE_TRANSPORT_STAFF,,172.000000,,,0.031200,,,0.881000,,,0.160000,,,pkm,haulageCapacity,,63.015,KBOB 2016,60,Alle > RESSOURCEN > kbob.admin.ch > KBOB / ecobau / IPB 2009/1:2016
63.010 Transportleistung (KBOB.2016),63.010 Transportleistung (KBOB.2016),,,,OTHER_RESOURCE,OTHER_RESOURCE_TRANSPORT_STAFF,,51.700000,,,0.136000,,,0.223000,,,0.009890,,,pkm,haulageCapacity,,63.010,KBOB 2016,60,Alle > RESSOURCEN > kbob.admin.ch > KBOB / ecobau / IPB 2009/1:2016
63.011 Transportleistung (KBOB.2016),63.011 Transportleistung (KBOB.2016),,,,OTHER_RESOURCE,OTHER_RESOURCE_TRANSPORT_STAFF,,76.700000,,,0.004470,,,0.233000,,,0.051800,,,pkm,haulageCapacity,,63.011,KBOB 2016,60,Alle > RESSOURCEN > kbob.admin.ch > KBOB / ecobau / IPB 2009/1:2016
63.017 Transportleistung (KBOB.2016),63.017 Transportleistung (KBOB.2016),,,,OTHER_RESOURCE,OTHER_RESOURCE_TRANSPORT_STAFF,,271.000000,,,0.004690,,,0.429000,,,0.122000,,,pkm,haulageCapacity,,63.017,KBOB 2016,60,Alle > RESSOURCEN > kbob.admin.ch > KBOB / ecobau / IPB 2009/1:2016
63.012 Transportleistung (KBOB.2016),63.012 Transportleistung (KBOB.2016),,,,OTHER_RESOURCE,OTHER_RESOURCE_TRANSPORT_STAFF,,55.500000,,,0.048500,,,0.289000,,,0.022700,,,pkm,haulageCapacity,,63.012,KBOB 2016,60,Alle > RESSOURCEN > kbob.admin.ch > KBOB / ecobau / IPB 2009/1:2016
63.013 Transportleistung (KBOB.2016),63.013 Transportleistung (KBOB.2016),,,,OTHER_RESOURCE,OTHER_RESOURCE_TRANSPORT_STAFF,,55.300000,,,0.058900,,,0.350000,,,0.019900,,,pkm,haulageCapacity,,63.013,KBOB 2016,60,Alle > RESSOURCEN > kbob.admin.ch > KBOB / ecobau / IPB 2009/1:2016
64.003 Fahrleistung (KBOB.2016),64.003 Fahrleistung (KBOB.2016),,,,OTHER_RESOURCE,OTHER_RESOURCE_TRANSPORT_PEOPLE,,2070.000000,,,0.097400,,,6.360000,,,1.460000,,,km,mileage,,64.003,KBOB 2016,60,Alle > RESSOURCEN > kbob.admin.ch > KBOB / ecobau / IPB 2009/1:2016
64.001 Fahrleistung (KBOB.2016),64.001 Fahrleistung (KBOB.2016),,,,OTHER_RESOURCE,OTHER_RESOURCE_TRANSPORT_PEOPLE,,12000.000000,,,24.800000,,,44.600000,,,2.530000,,,km,mileage,,64.001,KBOB 2016,60,Alle > RESSOURCEN > kbob.admin.ch > KBOB / ecobau / IPB 2009/1:2016
64.002 Fahrleistung (KBOB.2016),64.002 Fahrleistung (KBOB.2016),,,,OTHER_RESOURCE,OTHER_RESOURCE_TRANSPORT_PEOPLE,,19600.000000,,,5.560000,,,83.800000,,,19.200000,,,km,mileage,,64.002,KBOB 2016,60,Alle > RESSOURCEN > kbob.admin.ch > KBOB / ecobau / IPB 2009/1:2016
64.004 Fahrleistung (KBOB.2016),64.004 Fahrleistung (KBOB.2016),,,,OTHER_RESOURCE,OTHER_RESOURCE_TRANSPORT_PEOPLE,,44000.000000,,,2.150000,,,171.000000,,,41.200000,,,km,mileage,,64.004,KBOB 2016,60,Alle > RESSOURCEN > kbob.admin.ch > KBOB / ecobau / IPB 2009/1:2016
64.005 Fahrleistung (KBOB.2016),64.005 Fahrleistung (KBOB.2016),,,,OTHER_RESOURCE,OTHER_RESOURCE_TRANSPORT_PEOPLE,,15200.000000,,,1.230000,,,60.700000,,,14.300000,,,km,mileage,,64.005,KBOB 2016,60,Alle > RESSOURCEN > kbob.admin.ch > KBOB / ecobau / IPB 2009/1:2016
64.006 Fahrleistung (KBOB.2016),64.006 Fahrleistung (KBOB.2016),,,,OTHER_RESOURCE,OTHER_RESOURCE_TRANSPORT_PEOPLE,,38600.000000,,,0.695000,,,145.000000,,,35.900000,,,km,mileage,,64.006,KBOB 2016,60,Alle > RESSOURCEN > kbob.admin.ch > KBOB / ecobau / IPB 2009/1:2016
64.007 Fahrleistung (KBOB.2016),64.007 Fahrleistung (KBOB.2016),,,,OTHER_RESOURCE,OTHER_RESOURCE_TRANSPORT_PEOPLE,,347.000000,,,0.042100,,,1.430000,,,0.313000,,,km,mileage,,64.007,KBOB 2016,60,Alle > RESSOURCEN > kbob.admin.ch > KBOB / ecobau / IPB 2009/1:2016
64.008 Fahrleistung (KBOB.2016),64.008 Fahrleistung (KBOB.2016),,,,OTHER_RESOURCE,OTHER_RESOURCE_TRANSPORT_PEOPLE,,353.000000,,,0.042300,,,1.450000,,,0.319000,,,km,mileage,,64.008,KBOB 2016,60,Alle > RESSOURCEN > kbob.admin.ch > KBOB / ecobau / IPB 2009/1:2016
64.014 Fahrleistung (KBOB.2016),64.014 Fahrleistung (KBOB.2016),,,,OTHER_RESOURCE,OTHER_RESOURCE_TRANSPORT_PEOPLE,,247.000000,,,0.076500,,,0.688000,,,0.157000,,,km,mileage,,64.014,KBOB 2016,60,Alle > RESSOURCEN > kbob.admin.ch > KBOB / ecobau / IPB 2009/1:2016
64.009 Fahrleistung (KBOB.2016),64.009 Fahrleistung (KBOB.2016),,,,OTHER_RESOURCE,OTHER_RESOURCE_TRANSPORT_PEOPLE,,316.000000,,,0.041100,,,1.310000,,,0.281000,,,km,mileage,,64.009,KBOB 2016,60,Alle > RESSOURCEN > kbob.admin.ch > KBOB / ecobau / IPB 2009/1:2016
64.016 Fahrleistung (KBOB.2016),64.016 Fahrleistung (KBOB.2016),,,,OTHER_RESOURCE,OTHER_RESOURCE_TRANSPORT_PEOPLE,,261.000000,,,0.151000,,,1.030000,,,0.093400,,,km,mileage,,64.016,KBOB 2016,60,Alle > RESSOURCEN > kbob.admin.ch > KBOB / ecobau / IPB 2009/1:2016
64.015 Fahrleistung (KBOB.2016),64.015 Fahrleistung (KBOB.2016),,,,OTHER_RESOURCE,OTHER_RESOURCE_TRANSPORT_PEOPLE,,275.000000,,,0.049900,,,1.410000,,,0.256000,,,km,mileage,,64.015,KBOB 2016,60,Alle > RESSOURCEN > kbob.admin.ch > KBOB / ecobau / IPB 2009/1:2016
64.010 Fahrleistung (KBOB.2016),64.010 Fahrleistung (KBOB.2016),,,,OTHER_RESOURCE,OTHER_RESOURCE_TRANSPORT_PEOPLE,,2380.000000,,,6.280000,,,10.300000,,,0.456000,,,km,mileage,,64.010,KBOB 2016,60,Alle > RESSOURCEN > kbob.admin.ch > KBOB / ecobau / IPB 2009/1:2016
64.011 Fahrleistung (KBOB.2016),64.011 Fahrleistung (KBOB.2016),,,,OTHER_RESOURCE,OTHER_RESOURCE_TRANSPORT_PEOPLE,,1610.000000,,,0.093900,,,4.900000,,,1.090000,,,km,mileage,,64.011,KBOB 2016,60,Alle > RESSOURCEN > kbob.admin.ch > KBOB / ecobau / IPB 2009/1:2016
64.017 Fahrleistung (KBOB.2016),64.017 Fahrleistung (KBOB.2016),,,,OTHER_RESOURCE,OTHER_RESOURCE_TRANSPORT_PEOPLE,,298.000000,,,0.005160,,,0.471000,,,0.135000,,,km,mileage,,64.017,KBOB 2016,60,Alle > RESSOURCEN > kbob.admin.ch > KBOB / ecobau / IPB 2009/1:2016
64.012 Fahrleistung (KBOB.2016),64.012 Fahrleistung (KBOB.2016),,,,OTHER_RESOURCE,OTHER_RESOURCE_TRANSPORT_PEOPLE,,2940.000000,,,2.570000,,,15.300000,,,1.200000,,,km,mileage,,64.012,KBOB 2016,60,Alle > RESSOURCEN > kbob.admin.ch > KBOB / ecobau / IPB 2009/1:2016
64.013 Fahrleistung (KBOB.2016),64.013 Fahrleistung (KBOB.2016),,,,OTHER_RESOURCE,OTHER_RESOURCE_TRANSPORT_PEOPLE,,1440.000000,,,1.530000,,,9.100000,,,0.518000,,,km,mileage,,64.013,KBOB 2016,60,Alle > RESSOURCEN > kbob.admin.ch > KBOB / ecobau / IPB 2009/1:2016