GUID,KBOB_ID
{F092C9CE-CA5D-42B1-B3D6-5B7914BFE8CC},1.001
{3C51A403-BDB6-4DC9-BF5D-013AF909E9CC},1.002
{50675E6C-B1E3-40E6-962C-5EAF0E5A6BC4},1.003
{32AE263E-B281-4AC0-9CD1-D71895888F68},1.004
{45C3FE98-80E2-437B-AF8E-E5F8404AA8E6},1.041
{F250D605-D783-44DF-B1BE-9204D12A3683},1.042
{83D2D476-2A80-46C3-A0BE-6912A5927640},1.043
{958BA083-03C8-4336-BFC5-0DB5B6BC1B43},2.001
{17BF48A3-72AD-4EBB-A2DE-3256129F7031},2.002
{564C9F25-EE8A-4799-A049-6D26DF586F05},02.002.01
{45766F6B-BC17-4725-B939-23AA76838736},2.003
{2DEEC4B0-D3FE-4124-A08A-0DD398A65220},2.004
{27B5089E-6003-4920-991A-0BCC005B9434},2.005
{406B9ED4-C9C0-41E2-B945-7844C7313250},2.006
{69524911-E277-4B29-827D-B8475E4D8C23},2.007
{D00BA00E-D63B-4109-ADC0-4D9A3367734D},3.001
{8873B601-8644-4FF4-B2CF-042546B8500D},3.002
{EC993875-136D-4857-B06E-BB581EA9DA43},3.003
{08C9C771-82D9-4925-8E06-39A4367A8370},3.004
{9304338C-8D4A-4EE3-B1A2-43977ADA18A4},3.005
{8A03A7D4-FB51-48D0-BA86-9D13EE70A0D9},3.006
{45BEA46B-47E9-425F-926C-AEB31CB4A09D},3.007
{38A83C73-92BD-492B-B435-97332A84863E},3.008
{DB2B00A9-DBF6-CA2A-BAC1-9BCCE4E4846A},3.016
{B787C33A-9D88-414E-84DE-3E087E3639ED},3.009
{8FE3FD69-2400-4DC4-933B-E91CDE601165},3.017
{8B49329A-8573-47FC-8D1A-9F2E4640C4E6},3.01
{1300707C-F4F2-4FDC-AF3B-E31F5840F18E},3.011
{1A0D933D-B136-4441-B98F-6E6FFD1DFDD8},3.012
{B6F7B71D-25CE-45F6-BA5A-1A786AC69E0B},3.013
{A5A3BA1D-7F7F-4677-9E1C-3545B9DF79BA},3.014
{D3586070-8058-4A67-BC89-68508822DA21},3.02
{84E2D4F6-D61F-4EDF-9D13-7DA1543A7887},3.015
{FA96A840-32DF-4C9A-935F-19037F653A62},4.008
{985B3DC3-846D-49CE-9067-8F50B4FE70D7},4.01
{3A9DAB99-F63E-4DC7-9D95-2789F2A46143},4.002
{BE39AA2B-67C3-4306-AD5D-5261E43D632D},4.017
{76D9CFC6-6174-4644-829E-1020C95D5322},4.001
{D4AB5F70-61BE-4668-8A2C-FF1C755A1728},4.003
{9BD4C9E4-4499-4215-9215-2EF12370ACE6},4.013
{412F0DEF-2F16-4D81-95CF-2A7394086B28},4.004
{A8D1862B-6EEC-48B6-83BC-8EFACE342122},4.015
{868CB13D-7EF0-454B-B4FD-AE2B04538206},4.011
{324E5DE0-FEB1-49C3-9188-F1AA0E119514},4.012
{333331BA-98CA-49BD-887A-D65AA4D5B2C4},4.016
{3B956811-9D40-452C-BAC2-FBA122630C43},4.005
{B0F22D3F-709D-408F-9ACA-1533FA4C7F45},4.006
{E68F96C7-984A-47B5-B17C-B2806BD1CF1C},4.007
{223F00DA-C2D9-4971-879F-F391648A0155},4.014
{382D5231-E4CF-42D6-B935-D41BA653E3EE},4.009
{297C8AF9-6B6F-47A2-9F51-A0D37EFCB892},5.008
{5905B6AD-722F-40CB-9877-57D366B4ABF4},5.022
{4722E1EF-E1A5-470C-8310-F4DC0300F7F3},5.023
{D4B0ECEB-1E00-4A60-A09E-D631A07E2EE3},5.025
{4BA8E23B-3562-494B-87B2-9D891B313B9B},5.024
{9F6858EE-648D-43AA-A72E-46D8A0B25E11},5.004
{A4A06F21-D291-4225-99D1-EAEAAD11A2A3},05.004.01
{E65D5066-3C25-440A-A67B-44AACF067AD5},5.005
{5D3F1239-2A50-4539-8DEF-341218D0F70A},5.006
{84E9C627-DD03-4A9F-AB74-C19202145195},5.007
{F9C5864D-7143-472A-A4CB-7ED4DC0B447F},5.001
{7785FAA6-5F71-47CC-8753-2694318F593D},5.009
{235E295B-72C0-461F-8320-6D07BA2F7021},5.01
{7D185B01-5484-4A8B-A8F5-73CB990EE890},5.002
{C52C5B31-C765-4594-852A-0894882A8ED1},5.011
{43101D99-1D7B-4082-B62D-BF509227B57E},5.003
{8C429A3C-65E9-423C-BB08-626C4639C97B},5.012
{D6D60F63-0AC6-4F65-A665-23893EFE55EE},5.013
{9D1F01AD-FA63-4F98-AFF3-157F4000D8B3},5.014
{14DFC8C9-C915-43A2-AE52-7B78F5948269},5.015
{C17242EF-5C5D-430E-A900-4449A1BC8082},5.016
{8A64F51B-96D1-418F-8698-65A2DFC2F6E0},5.02
{A2E56139-B17E-48D2-AA28-1FBBBDE730B0},5.021
{E236578E-CD94-4A5B-8102-258340AD9D3E},5.018
{9E4B8BDA-989A-484D-BFB1-E6CB90491CC4},5.017
{D69BFDA2-373D-4794-BF31-42FAD621E4FB},5.019
{122994E0-6AE3-48F8-97C2-633125609F3E},6.001
{9D19FB5F-33F0-44B4-9489-B6E224103955},6.002
{C956DDE7-29FC-4FE5-A965-177615E14D14},06.002.01
{1F33844F-91D2-4363-B328-904E15110A1C},6.003
{1483FF58-F07C-4ED4-A422-3E72A667D1A7},6.014
{0FE00428-0CF6-4CC1-A4B1-BA186F56D57E},6.004
{7AD1957E-FC33-43A8-88F8-2A4DD83A362A},6.005
{75CC3E80-7E5F-4E12-898A-03966A87E3E6},6.006
{4594A8BF-8167-4183-9A45-CB64DF6D95B8},6.007
{92E11D9B-9BC5-4032-BB06-2082CE3D8AFD},6.008
{EB9E1E6E-6F40-4CB7-B373-5D66FD146CF5},6.009
{38C1572A-3CE8-47C0-B24E-5E924A8AD97E},6.01
{68F8D468-2A49-430A-A94A-A3073A85B029},6.011
{4DC70979-B6CA-4DA5-A291-6F1A082EE475},6.012
{3A017EE3-8EAE-4957-9976-39EA72157918},6.013
{BBA9796B-B084-473D-B362-E703FAD37CAA},7.001
{75F8C2B2-0B4E-4243-93D6-9D8B721B4D12},7.003
{5D0AAC66-9661-4D7A-A239-8A8931B4CFF3},07.003.01
{1095B95F-6036-45CA-B450-7A3A8E1897BB},7.002
{D6C6F539-93DD-4C07-AF40-3EF6321D4FBD},07.002.01
{99B2F7E4-22F3-4C8E-9C76-D3CBADA830E2},7.004
{C916FBF8-EB8F-43A7-9D11-9E92CF9F083D},7.005
{5452FFFF-13C9-4D8B-803B-E644F35A3325},7.008
{348B6926-0D2A-4820-AA05-C815FE65A421},07.008.01
{9AC95A58-6438-48B7-BB6A-B07B6F4CFB6A},7.007
{698D8A43-8983-432E-A51B-D90C9BA23AC1},07.007.01
{531C8578-0D4B-469A-ACE5-8E3A536FC47C},7.006
{F9547BDA-290C-44C5-8794-C921A2DED0BA},07.006.01
{3D89DC7F-1638-4C94-AFA8-DC31CAC210BC},7.011
{D122C786-0887-4B71-BEBD-513955B5F184},07.011.01
{C4DE94C2-36D6-4BB9-9753-228622401A82},07.011.02
{C6FE17BA-12BD-4454-B0F0-74CA8C665D6B},7.01
{0AABF430-9178-4975-8390-B4C585739DE2},07.010.01
{EB82F166-04B1-49F0-A586-FD8F92824196},7.009
{ADBDB232-AC94-49B1-9EB6-652076C22BAB},07.009.01
{962B816C-DBD4-445F-8392-E4F8532069C8},7.012
{BD66B05D-27E3-4ADF-85A2-E0ABBBA686A5},7.013
{F54AEECA-7B3B-4ACE-B4CB-88527B1C903C},7.015
{FB830352-0350-46F9-BF46-73733C576386},7.016
{E88CFF0D-059B-4E8A-93BC-A4E3A917A2F6},7.014
{32B17B00-83C9-412F-899B-03B8DB3781BF},7.018
{55C3FB36-27C5-40BB-B51C-715C9F2984FE},7.017
{21330D47-1D7A-36C8-7F0E-CB11F4CB2767},8.001
{CA0CC8C0-0CF0-4DE4-A9E8-C3B416365119},8.002
{9831C103-3AC5-439B-9BF1-3C1976328C98},8.003
{0732FA24-108B-41A5-A86B-71ADB88B5F21},8.004
{85E73CA0-F8D0-4F4D-BA4F-074E3BBD8A31},8.005
{01CD6F3D-BD57-4002-A3FB-6CD6DF5868D7},9.001
{5155BF82-EBE7-4FE9-A0C3-3B52FF372827},9.002
{7BA5DD3A-06EF-4108-853B-3687B698FF22},9.003
{8363831F-FB86-4CDD-B1F2-138E478F34B0},09.003.01
{3734EA52-A3C5-4A05-A040-03322A348AE1},09.003.02
{BA1409B5-8AC0-4016-9AC1-E3AFC2D20C52},09.003.03
{2AEB700D-8C0A-4554-97D3-80B5CC367CAD},09.003.04
{0C5A7BA6-B74D-46D7-A2F1-5F7E95808E83},09.003.05
{744A1B0B-105B-45BA-909E-79E490F26917},09.003.06
{DF6CF380-78F7-466D-AD94-DA3ED7536CA9},09.003.07
{EDC15F2A-8353-4B92-89EA-F588F082D528},09.003.08
{2B07EF82-8010-4C65-AF7C-90055932DA86},09.003.09
{E6956688-D02C-414C-8EC6-B0FAEF52C8B8},09.003.10
{90159AF7-455B-4996-A1AC-6D5B6E3242F4},9.004
{CFA0CA34-15A6-4D99-AEC3-CA60F46DBE4D},9.005
{5C26C97A-D10C-49A8-815E-06A340CCC448},9.006
{D4BF6599-6623-4AE5-9D50-8EDDB6B05F41},9.007
{FD71B629-B98E-47C8-ADA4-513631C0896B},9.008
{9EC4E12B-5E75-4A0B-84DA-A1A5F152A4BC},10.014
{E6773968-F9C9-4782-A5CD-78B9B1164571},10.012
{A0A69B33-B2C9-4DE4-BA2E-770C2A4EF76A},10.011
{7A1681B7-2F34-4B51-BF2D-D4C9C33CFCA5},10.016
{109E7CA4-9DB1-46E0-AAA8-EF6E159A7A63},10.016.01
{CC513F17-747F-4776-ABFA-9C78FF26A557},10.017
{C5CF1731-3091-4FC5-9552-DE7368F296A6},10.017.01
{43B03F61-91A1-438E-B958-6E274F13B241},10.001
{C2140A4D-E25B-4E13-BD72-87C1C5A37286},10.001.01
{42A8911C-62FF-4A4B-ACD8-31E4148787E8},10.002
{4F352DCA-9E8B-49E4-98B6-F10BA797180E},10.003
{9F6CB547-DC00-4900-8FB4-A37135F510B4},10.004
{604F2ECA-F888-49C4-9FA5-C206BC37E889},10.005
{D23B8D09-6CCC-42B7-B54D-B67BEEEC54DD},10.006
{328C6FA7-DA92-462A-9CC7-6D0DB5CCE2D3},10.007
{BEB5B222-85E0-44DB-891D-851DF16EEA31},10.013
{62F9139A-7A1D-40DD-90F8-38B52AF993C4},10.013.01
{A3BBA042-97AF-4B5C-AF00-E049CEF1A557},10.008
{194F45E4-A08A-427B-A490-999934D5D610},10.008.01
{92766C16-5D0D-44ED-9F92-C15AA32DECCE},10.015
{B9689582-8BDE-4FE1-849D-BBBED840E410},10.009
{02952279-8F86-4640-8009-5F02B711CC4A},10.009.01
{858771D5-96F5-42C9-AEE3-51D3BE1879F7},10.01
{1F31C383-B2A1-490D-AB0F-B3EA2A24D804},10.010.01
{D5660BDD-EC47-4D6A-B3C1-3EA06F77EA89},11.001
{4E8C7D2C-2FC7-4E38-AB39-049E58E9CFCC},11.002
{2F71DB77-CF3D-49DC-8DCA-C25203ED860B},11.003
{B0C749DA-292B-417D-8E38-65766E052FBC},11.004
{FC78B567-FFF2-432F-98A2-07A1420AA8BD},11.005
{160EF365-BB74-41C8-AF40-5256811D83C3},11.006
{63EE2517-0078-4246-B833-08D253528653},11.007
{414EEBBE-85C4-4869-A411-29C0097ADA38},11.008
{09B8473A-DDB4-42D4-977E-C9CA914B54AC},11.009
{BF645614-152F-4820-8AA9-45B474C60CE2},11.01
{32D89BCF-BBDA-4EC1-B2B8-E4EE731B5D82},11.011
{D6E43E7F-94A3-46BC-8327-A37DC2283E3A},11.012
{927E7BE7-E17F-4B77-B6A5-F1E755ED4C9D},11.013
{219ECD16-D974-452B-9D34-CB93A1C2087D},11.014
{A94BDF7C-82AA-49BB-A7D8-BA6C9DE53D49},11.015
{C5248FB7-477A-414E-9767-D520A592AD8F},11.015.01
{31E6D875-1CEC-4AB8-BA9F-4515F540EF64},11.015.02
{8248313F-D90D-4DE8-B4A4-B9DBE3FD1D47},11.015.03
{09C392C6-F1C7-421F-B4DA-536C97AB36C7},11.016
{09098784-8F4C-4C60-BD8D-39EB2145D8C4},11.017
{E7E6539A-A99C-41CA-B367-9F23E95AB60B},11.018
{3A16EE50-78D2-41C3-B04C-081938045128},11.019
{3CBF6DF7-FB0E-43EC-B297-DFBA6B9E4283},11.02
{07714EA8-1659-4E92-BF5B-CE52120C7B4F},11.021
{9C7A2743-77DD-4CE8-B1C7-A412157B907C},11.022
{C8140CBD-C5D3-40B0-9AEF-498C98AD7909},11.023
{92E45A3D-900C-4492-ADA8-61B2DD0019C8},11.024
{E5FD6450-C5AC-4847-BCCD-D0F029C154E6},11.025
{9C22D41F-BB8A-428D-A09A-853D819ABCDF},11.026
{3C9838E9-2A6B-46EF-B6B7-E310A1B0A6B8},11.027
{4C49FCC1-4EF1-41DC-8754-E19D12D113FA},12.001
{1B535A14-092B-4B01-9882-459671D72379},12.002
{767D89CB-9927-4BDD-ACD3-FCC79C32B97E},12.003
{A1868DC5-9456-4291-865A-499B33A5FCD1},12.004
{D145CC3E-3828-487D-8C94-C2CDC23BF922},13.001
{BF5ADE50-BDAD-419B-B7E5-9A3F7F6938A3},13.005
{0DB3712B-3B7E-44BB-B56C-A49DDED3D465},13.002
{92B2EFB8-9F95-47EC-963D-114CBE430246},13.003
{40987109-1450-4CB8-AF0B-A9609E987AD7},13.003.01
{5A6449C2-62A0-4A42-BF6D-F1E33F5F9480},13.004
{07DD2F56-133A-4FBF-A39B-1D374248EB2A},14.002
{10ACA0B7-B75D-4F51-A3AB-976B923ACA8A},14.001
{1165EF5A-E1A2-4C0D-9307-622DEE107999},14.003
{F45B12F5-FF80-528A-2C76-A6DABD38F684},14.004
{68569EAE-A2FA-E096-D678-497AB362BCCF},14.005
{E9266136-2E91-997B-5E48-CA88AB77279C},14.006
{3FDD883B-8EDA-4735-987C-5D7CF46F1004},14.007
{AAF77F9A-FE78-41CD-BAD5-16DAA6238CC2},14.008
{78087965-417E-4763-B8B5-4A7910943363},15.001
{A5671823-5D7E-A4B1-2A9F-C32E6CA3BCB9},15.002
{464C8985-D30C-40EC-8B26-7E107BCF7F1A},15.003
{993A7227-F17D-4BFA-8B37-C62C13DC42F5},15.004
{CBDADEEB-3B93-32E4-6504-08EF289B6D9B},15.005
{3C36CA50-3B4E-44CA-8240-EB4B75A84B68},21.001
{FC7C4727-B6B9-45A9-9AB9-53EE5C039FB2},21.002
{59550658-97D9-44D0-A19E-69C1434953F0},21.003
{BA8B90B0-9DF2-4B24-9C2E-2771662E958F},21.004
{77DCCEBD-760E-4534-9BF9-975E037EB3A0},21.005
{FF8F7027-E9C1-4AD4-9E47-7DDB0F44CCEE},21.006
{F6E3D922-9AB9-43AF-8913-DAEEA4FBE722},21.007
{84ED90B6-CBDF-4F8D-845B-272346268676},21.008
{179EF39A-FF60-4845-9534-8D73EF207C47},21.009
{6927B923-0CE9-404D-B3A9-98914ED31E83},21.01
{FADC1641-F855-4888-B0BB-42B23153ED97},21.011
{12ADE34B-2318-4E01-89C0-4A690DF416D3},21.012
{77603615-1C21-4F15-A9A7-3194EA13EEE8},21.013
{555E9A89-95DF-4C98-BC55-879B4C7E4BFE},02.001.01
{288A84C2-129A-431D-B135-7F7A3F9D0CBD},02.007.01
{B71450AC-DD73-4D65-9886-F7E16035BD77},09.003.05
{91B78C9B-4DA4-44BB-9FF9-2C6EF23BF27A},09.003.06
{7734C0C2-7D2F-4604-A1A8-D8CB9E7310C7},09.003.11
{046FE9F5-65FC-48A0-802F-8E2EE600CDA6},10.004.01
{05CBB4FF-6CFE-4285-86E1-8D5EA593637D},10.004.02
{99E3A2B4-CE0F-4E7A-AECB-9AA35D2FABAF},10.004.03
{ACF64203-B038-4EAF-B297-53D8C48F8A42},10.005.01
{575A32F0-D99A-4ADE-A360-8E770639A5E3},10.006.01